-- phpMyAdmin SQL Dump
-- version 5.2.1
-- https://www.phpmyadmin.net/
--
-- Host: 127.0.0.1
-- Tempo de geração: 18/08/2025 às 18:12
-- Versão do servidor: 10.4.32-MariaDB
-- Versão do PHP: 8.0.30

SET SQL_MODE = "NO_AUTO_VALUE_ON_ZERO";
START TRANSACTION;
SET time_zone = "+00:00";


/*!40101 SET @OLD_CHARACTER_SET_CLIENT=@@CHARACTER_SET_CLIENT */;
/*!40101 SET @OLD_CHARACTER_SET_RESULTS=@@CHARACTER_SET_RESULTS */;
/*!40101 SET @OLD_COLLATION_CONNECTION=@@COLLATION_CONNECTION */;
/*!40101 SET NAMES utf8mb4 */;

--
-- Banco de dados: `bd_distribuidora`
--
DROP DATABASE IF EXISTS bd_distribuidora;
CREATE DATABASE bd_distribuidora;
USE bd_distribuidora;

-- --------------------------------------------------------

--
-- Estrutura para tabela `autor`
--
DROP TABLE IF EXISTS `autor`;
CREATE TABLE `autor` (
  `id_autor` int(11) NOT NULL,
  `nome` varchar(255) NOT NULL,
  `nacionalidade` varchar(100) DEFAULT NULL
) ENGINE=InnoDB DEFAULT CHARSET=utf8mb4 COLLATE=utf8mb4_general_ci;

--
-- Despejando dados para a tabela `autor`
--

INSERT INTO `autor` (`id_autor`, `nome`, `nacionalidade`) VALUES
(1, 'Beatriz Mendes', 'França'),
(2, 'Lucas Oliveira', 'Itália'),
(3, 'Camila Silva', 'Índia'),
(4, 'Fernanda Campos', 'Turquia'),
(5, 'Camila Rodrigues', 'Reino Unido'),
(6, 'Laura Campos', 'Canadá'),
(7, 'Beatriz Carvalho', 'Canadá'),
(8, 'Camila Costa', 'Itália'),
(9, 'Maria Nunes', 'Itália'),
(10, 'Aline Ribeiro', 'México'),
(11, 'Felipe Gomes', 'Rússia'),
(12, 'Fernanda Ferreira', 'Japão'),
(13, 'Ana Gomes', 'Rússia'),
(14, 'Isabela Lima', 'Itália'),
(15, 'Ricardo Nunes', 'Reino Unido'),
(16, 'Juliana Santos', 'Coreia do Sul'),
(17, 'Isabela Melo', 'Rússia'),
(18, 'Mateus Campos', 'Suécia'),
(19, 'Camila Melo', 'Índia'),
(20, 'Bruno Nunes', 'Japão'),
(21, 'Rafael Ferreira', 'Japão'),
(22, 'Juliana Pereira', 'Índia'),
(23, 'Laura Mendes', 'EUA'),
(24, 'Camila Martins', 'Turquia'),
(25, 'Beatriz Souza', 'Reino Unido'),
(26, 'Larissa Ferreira', 'Austrália'),
(27, 'Pedro Costa', 'Austrália'),
(28, 'Camila Ferreira', 'Argentina'),
(29, 'Felipe Pereira', 'Austrália'),
(30, 'Ana Ribeiro', 'México'),
(31, 'Gustavo Souza', 'China'),
(32, 'Larissa Souza', 'Brasil'),
(33, 'Aline Oliveira', 'Canadá'),
(34, 'Camila Gomes', 'Japão'),
(35, 'Lucas Almeida', 'Índia'),
(36, 'Gustavo Souza', 'Portugal'),
(37, 'Gustavo Mendes', 'México'),
(38, 'Juliana Pereira', 'Suécia'),
(39, 'Rafael Melo', 'Brasil'),
(40, 'Felipe Pereira', 'China'),
(41, 'João Campos', 'México'),
(42, 'Larissa Barbosa', 'Espanha'),
(43, 'Lucas Costa', 'Reino Unido'),
(44, 'Larissa Dias', 'Turquia'),
(45, 'Lucas Rodrigues', 'Argentina'),
(46, 'Ana Ribeiro', 'Argentina'),
(47, 'Carlos Souza', 'Rússia'),
(48, 'Gustavo Ribeiro', 'Suécia'),
(49, 'Laura Oliveira', 'Alemanha'),
(50, 'Laura Dias', 'França'),
(51, 'João Silva', 'Coreia do Sul'),
(52, 'Gustavo Dias', 'Egito'),
(53, 'Lucas Dias', 'Canadá'),
(54, 'Bruno Barbosa', 'Suécia'),
(55, 'Gustavo Dias', 'EUA'),
(56, 'Rafael Barbosa', 'Brasil'),
(57, 'Carlos Nunes', 'México'),
(58, 'Gustavo Martins', 'Japão'),
(59, 'João Rodrigues', 'Suécia'),
(60, 'Felipe Rodrigues', 'Brasil'),
(61, 'Rafael Souza', 'Alemanha'),
(62, 'Lucas Gomes', 'Índia'),
(63, 'Fernanda Silva', 'China'),
(64, 'Isabela Souza', 'Rússia'),
(65, 'Camila Ribeiro', 'Brasil'),
(66, 'Maria Oliveira', 'Reino Unido'),
(67, 'Bruno Silva', 'Alemanha'),
(68, 'Bruno Rodrigues', 'Espanha'),
(69, 'Isabela Carvalho', 'Brasil'),
(70, 'João Almeida', 'Alemanha'),
(71, 'Felipe Oliveira', 'Austrália'),
(72, 'Ricardo Mendes', 'Reino Unido'),
(73, 'Juliana Mendes', 'Japão'),
(74, 'Maria Dias', 'Coreia do Sul'),
(75, 'Isabela Rodrigues', 'Índia'),
(76, 'Gustavo Campos', 'Índia'),
(77, 'Beatriz Santos', 'Suécia'),
(78, 'Isabela Almeida', 'Espanha'),
(79, 'Felipe Nunes', 'Itália'),
(80, 'Isabela Ferreira', 'Brasil'),
(81, 'Laura Lima', 'Brasil'),
(82, 'Maria Barbosa', 'EUA'),
(83, 'Rafael Ferreira', 'Brasil'),
(84, 'Rafael Costa', 'Espanha'),
(85, 'Felipe Melo', 'Canadá'),
(86, 'Mateus Ribeiro', 'China'),
(87, 'Camila Silva', 'Itália'),
(88, 'Camila Mendes', 'EUA'),
(89, 'Carlos Silva', 'Brasil'),
(90, 'Ricardo Ribeiro', 'Coreia do Sul'),
(91, 'Rafael Costa', 'Reino Unido'),
(92, 'Mateus Barbosa', 'Portugal'),
(93, 'Camila Campos', 'Índia'),
(94, 'Lucas Martins', 'Portugal'),
(95, 'Isabela Lima', 'Índia'),
(96, 'Rafael Campos', 'Argentina'),
(97, 'Rafael Santos', 'Reino Unido'),
(98, 'Larissa Pereira', 'Canadá'),
(99, 'Pedro Ribeiro', 'Canadá'),
(100, 'Laura Martins', 'Coreia do Sul'),
(101, 'Rafael Nunes', 'México'),
(102, 'Isabela Almeida', 'Turquia'),
(103, 'Ricardo Souza', 'Suécia'),
(104, 'Maria Carvalho', 'Egito'),
(105, 'Isabela Melo', 'França'),
(106, 'Aline Gomes', 'Turquia'),
(107, 'Pedro Souza', 'França'),
(108, 'Fernanda Almeida', 'Espanha'),
(109, 'Felipe Campos', 'Alemanha'),
(110, 'Juliana Ferreira', 'EUA'),
(111, 'Bruno Rodrigues', 'México'),
(112, 'João Rodrigues', 'Alemanha'),
(113, 'Lucas Barbosa', 'Itália'),
(114, 'Rafael Dias', 'México'),
(115, 'Maria Oliveira', 'Reino Unido'),
(116, 'Carlos Dias', 'Portugal'),
(117, 'Isabela Barbosa', 'Japão'),
(118, 'João Lima', 'México'),
(119, 'João Ribeiro', 'EUA'),
(120, 'Laura Barbosa', 'Reino Unido'),
(121, 'Laura Pereira', 'Austrália'),
(122, 'Isabela Almeida', 'Japão'),
(123, 'Carlos Costa', 'Espanha'),
(124, 'Ricardo Pereira', 'Egito'),
(125, 'Lucas Campos', 'México'),
(126, 'Lucas Dias', 'Alemanha'),
(127, 'Mateus Silva', 'França'),
(128, 'Pedro Gomes', 'Portugal'),
(129, 'Isabela Souza', 'Itália'),
(130, 'Isabela Pereira', 'Turquia'),
(131, 'Juliana Souza', 'EUA'),
(132, 'Ana Silva', 'Itália'),
(133, 'Ricardo Martins', 'Portugal'),
(134, 'Isabela Santos', 'Argentina'),
(135, 'Isabela Ferreira', 'EUA'),
(136, 'Felipe Silva', 'Egito'),
(137, 'Beatriz Costa', 'Egito'),
(138, 'Fernanda Souza', 'Suécia'),
(139, 'Carlos Santos', 'Espanha'),
(140, 'Larissa Oliveira', 'Índia'),
(141, 'João Gomes', 'EUA'),
(142, 'Larissa Oliveira', 'China'),
(143, 'Ana Ferreira', 'México'),
(144, 'Carlos Mendes', 'Japão'),
(145, 'Gustavo Ferreira', 'Turquia'),
(146, 'Laura Melo', 'Itália'),
(147, 'Lucas Almeida', 'Suécia'),
(148, 'Camila Pereira', 'México'),
(149, 'Ricardo Martins', 'Espanha'),
(150, 'Juliana Ribeiro', 'Suécia');

-- --------------------------------------------------------

--
-- Estrutura para tabela `cliente`
--
DROP TABLE IF EXISTS `cliente`;
CREATE TABLE `cliente` (
  `id_cliente` int(11) NOT NULL,
  `tipo_cliente` varchar(20) NOT NULL
) ENGINE=InnoDB DEFAULT CHARSET=utf8mb4 COLLATE=utf8mb4_general_ci;

--
-- Despejando dados para a tabela `cliente`
--

INSERT INTO `cliente` (`id_cliente`, `tipo_cliente`) VALUES
(1, 'Físico'),
(2, 'Físico'),
(3, 'Físico'),
(4, 'Físico'),
(5, 'Físico'),
(6, 'Físico'),
(7, 'Físico'),
(8, 'Físico'),
(9, 'Físico'),
(10, 'Físico'),
(11, 'Físico'),
(12, 'Físico'),
(13, 'Físico'),
(14, 'Físico'),
(15, 'Físico'),
(16, 'Físico'),
(17, 'Físico'),
(18, 'Físico'),
(19, 'Físico'),
(20, 'Físico'),
(21, 'Físico'),
(22, 'Físico'),
(23, 'Físico'),
(24, 'Jurídico'),
(25, 'Jurídico'),
(26, 'Jurídico'),
(27, 'Jurídico'),
(28, 'Jurídico'),
(29, 'Jurídico'),
(30, 'Jurídico'),
(31, 'Jurídico'),
(32, 'Jurídico');

-- --------------------------------------------------------

--
-- Estrutura para tabela `cliente_fisico`
--
DROP TABLE IF EXISTS `cliente_fisico`;
CREATE TABLE `cliente_fisico` (
  `id_cliente` int(11) NOT NULL,
  `nome` varchar(255) NOT NULL,
  `cpf` char(11) NOT NULL,
  `endereco` varchar(255) NOT NULL
) ENGINE=InnoDB DEFAULT CHARSET=utf8mb4 COLLATE=utf8mb4_general_ci;

--
-- Despejando dados para a tabela `cliente_fisico`
--

INSERT INTO `cliente_fisico` (`id_cliente`, `nome`, `cpf`, `endereco`) VALUES
(1, 'Ana Souza', '123.456.789', 'Rua das Flores, 123, São Paulo, SP'),
(2, 'Bruno Lima', '987.654.321', 'Av. Paulista, 1000, São Paulo, SP'),
(3, 'Carla Mendes', '111.444.777', 'Rua das Palmeiras, 56, Rio de Janeiro, RJ'),
(4, 'Diego Carvalho', '555.666.888', 'Av. Brasil, 200, Rio de Janeiro, RJ'),
(5, 'Eduarda Santos', '999.111.222', 'Rua XV de Novembro, 45, Curitiba, PR'),
(6, 'Felipe Costa', '333.222.111', 'Av. Sete de Setembro, 321, Curitiba, PR'),
(7, 'Gabriela Ferreira', '666.555.444', 'Rua das Acácias, 78, Belo Horizonte, MG'),
(8, 'Henrique Rocha', '222.111.333', 'Av. Amazonas, 1020, Belo Horizonte, MG'),
(9, 'Isabela Nunes', '777.888.999', 'Rua da Paz, 98, Porto Alegre, RS'),
(10, 'João Martins', '444.555.666', 'Av. Ipiranga, 500, Porto Alegre, RS'),
(11, 'Karina Oliveira', '111.333.555', 'Rua das Rosas, 12, Recife, PE'),
(12, 'Leonardo Ribeiro', '304.683.100', 'Av. Boa Viagem, 220, Recife, PE'),
(13, 'Mariana Alves', '444.222.111', 'Rua dos Girassóis, 65, Salvador, BA'),
(14, 'Nicolas Pinto', '888.777.666', 'Av. Sete de Setembro, 300, Salvador, BA'),
(15, 'Olivia Cardoso', '555.444.333', 'Rua das Laranjeiras, 90, Fortaleza, CE'),
(16, 'Paulo Teixeira', '222.333.444', 'Av. Beira Mar, 210, Fortaleza, CE'),
(17, 'Quintino Lopes', '111.555.777', 'Rua das Flores, 300, Manaus, AM'),
(18, 'Rafaela Gomes', '999.222.444', 'Av. Eduardo Ribeiro, 123, Manaus, AM'),
(19, 'Samuel Dias', '333.111.555', 'Rua do Sol, 50, Belém, PA'),
(20, 'Tatiana Souza', '815.104.310', 'Av. Presidente Vargas, 400, Belém, PA'),
(21, 'Victor Fernandes', '678.260.830', 'Rua Marechal Floriano, 77, Florianópolis, SC'),
(22, 'Wendy Albuquerque', '526.318.190', 'Av. Beira Mar, 800, Florianópolis, SC'),
(23, 'Xavier Mendes', '809.604.480', 'Rua das Orquídeas, 19, Goiânia, GO');

-- --------------------------------------------------------

--
-- Estrutura para tabela `cliente_juridico`
--
DROP TABLE IF EXISTS `cliente_juridico`;
CREATE TABLE `cliente_juridico` (
  `id_cliente` int(11) NOT NULL,
  `razao_social` varchar(255) NOT NULL,
  `cnpj` char(14) NOT NULL,
  `endereco` varchar(255) NOT NULL
) ENGINE=InnoDB DEFAULT CHARSET=utf8mb4 COLLATE=utf8mb4_general_ci;

--
-- Despejando dados para a tabela `cliente_juridico`
--

INSERT INTO `cliente_juridico` (`id_cliente`, `razao_social`, `cnpj`, `endereco`) VALUES
(24, 'Tech Solutions Ltda', '12.345.678/000', 'Av. Paulista, 1500, São Paulo, SP'),
(25, 'Construtora Nova Era S/A', '98.765.432/000', 'Rua das Indústrias, 400, Rio de Janeiro, RJ'),
(26, 'Mercado Central Ltda', '11.222.333/000', 'Av. Brasil, 250, Belo Horizonte, MG'),
(27, 'Alimentos Boa Mesa S/A', '55.666.777/000', 'Rua do Comércio, 300, Curitiba, PR'),
(28, 'Transportes Rápido Ltda', '99.888.777/000', 'Av. Santos Dumont, 100, Porto Alegre, RS'),
(29, 'Consultoria Prime S/A', '33.444.555/000', 'Rua das Nações, 88, Recife, PE'),
(30, 'Loja do Lar Ltda', '66.555.444/000', 'Av. Sete de Setembro, 210, Salvador, BA'),
(31, 'Engenharia Top S/A', '22.111.333/000', 'Rua da Construção, 500, Fortaleza, CE'),
(32, 'Softwares Integrados Ltda', '77.888.999/000', 'Av. Tecnologia, 123, Campinas, SP');

-- --------------------------------------------------------

--
-- Estrutura para tabela `editora`
--
DROP TABLE IF EXISTS `editora`;
CREATE TABLE `editora` (
  `id_editora` int(11) NOT NULL,
  `nome` varchar(255) NOT NULL,
  `uf` char(2) NOT NULL
) ENGINE=InnoDB DEFAULT CHARSET=utf8mb4 COLLATE=utf8mb4_general_ci;

--
-- Despejando dados para a tabela `editora`
--

INSERT INTO `editora` (`id_editora`, `nome`, `uf`) VALUES
(1, 'Editora Alfa', 'SP'),
(2, 'Editora Beta', 'RJ'),
(3, 'Editora Gama', 'MG'),
(4, 'Editora Delta', 'RS'),
(5, 'Editora Epsilon', 'PR'),
(6, 'Editora Zeta', 'SP'),
(7, 'Editora Eta', 'RJ'),
(8, 'Editora Theta', 'MG'),
(9, 'Editora Iota', 'RS'),
(10, 'Editora Kappa', 'PR');

-- --------------------------------------------------------

--
-- Estrutura para tabela `livro`
--
DROP TABLE IF EXISTS `livro`;
CREATE TABLE `livro` (
  `id_livro` int(11) NOT NULL,
  `isbn` varchar(20) NOT NULL,
  `titulo` varchar(255) NOT NULL,
  `ano_publicacao` int(11) NOT NULL,
  `quantidade_estoque` int(11) NOT NULL,
  `valor` decimal(10,2) NOT NULL,
  `id_editora` int(11) NOT NULL
) ENGINE=InnoDB DEFAULT CHARSET=utf8mb4 COLLATE=utf8mb4_general_ci;

--
-- Despejando dados para a tabela `livro`
--

INSERT INTO `livro` (`id_livro`, `isbn`, `titulo`, `ano_publicacao`, `quantidade_estoque`, `valor`, `id_editora`) VALUES
(1, '9780000000001', 'Infinito Reflexos', 2012, 10, 172.25, 1),
(2, '9780000000002', 'Secreto Código', 2024, 14, 126.58, 1),
(3, '9780000000003', 'Escondido Cidade', 2002, 3, 77.99, 1),
(4, '9780000000004', 'Oculto Horizonte', 1994, 12, 121.38, 1),
(5, '9780000000005', 'Fantástico Profecia', 2019, 8, 186.56, 1),
(6, '9780000000006', 'Infinito Sombras', 2019, 1, 106.29, 1),
(7, '9780000000007', 'Eterno Profecia', 2013, 15, 162.68, 1),
(8, '9780000000008', 'Celestial Alvorecer', 1998, 9, 192.42, 1),
(9, '9780000000009', 'Último Alvorecer', 1998, 17, 192.02, 1),
(10, '9780000000010', 'Brilhante Memórias', 1995, 10, 151.60, 1),
(11, '9780000000011', 'Infinito Estrelas', 1990, 2, 38.33, 1),
(12, '9780000000012', 'Desconhecido Profecia', 1996, 16, 63.82, 1),
(13, '9780000000013', 'Imortal Horizonte', 2009, 2, 159.16, 1),
(14, '9780000000014', 'Desconhecido Reflexos', 2023, 7, 116.39, 1),
(15, '9780000000015', 'Sombrio Labirinto', 2000, 2, 179.15, 1),
(16, '9780000000016', 'Escondido Memórias', 2008, 18, 196.57, 1),
(17, '9780000000017', 'Misterioso Labirinto', 1996, 12, 185.00, 1),
(18, '9780000000018', 'Brilhante Memórias', 1998, 16, 152.10, 1),
(19, '9780000000019', 'Oculto Destino', 2010, 18, 138.74, 1),
(20, '9780000000020', 'Sombrio Estrelas', 1994, 16, 152.30, 1),
(21, '9780000000021', 'Desconhecido Sombras', 1990, 14, 164.46, 1),
(22, '9780000000022', 'Oculto Memórias', 2016, 12, 71.41, 1),
(23, '9780000000023', 'Infinito Estrelas', 2006, 15, 86.27, 1),
(24, '9780000000024', 'Sombrio Reflexos', 2024, 4, 43.65, 1),
(25, '9780000000025', 'Oculto Alvorecer', 1994, 8, 57.27, 1),
(26, '9780000000026', 'Imortal Reflexos', 1996, 16, 81.65, 1),
(27, '9780000000027', 'Secreto Sombras', 2010, 4, 106.06, 1),
(28, '9780000000028', 'Brilhante Cidade', 2009, 14, 162.58, 1),
(29, '9780000000029', 'Infinito Universo', 2016, 6, 97.74, 1),
(30, '9780000000030', 'Secreto Código', 1991, 18, 35.12, 1),
(31, '9780000000031', 'Perdido Destino', 1990, 11, 52.39, 1),
(32, '9780000000032', 'Escondido Segredo', 2020, 10, 106.22, 1),
(33, '9780000000033', 'Brilhante Sombras', 2005, 11, 179.57, 1),
(34, '9780000000034', 'Fantástico Mundo', 1992, 8, 172.26, 1),
(35, '9780000000035', 'Celestial Mundo', 2017, 18, 76.42, 1),
(36, '9780000000036', 'Proibido Labirinto', 2000, 11, 49.49, 1),
(37, '9780000000037', 'Brilhante Mundo', 1990, 20, 35.36, 1),
(38, '9780000000038', 'Desconhecido Cidade', 2003, 10, 128.38, 1),
(39, '9780000000039', 'Infinito Código', 2024, 14, 79.96, 1),
(40, '9780000000040', 'Infinito Alvorecer', 2023, 1, 110.81, 1),
(41, '9780000000041', 'Brilhante Caminho', 1999, 19, 98.92, 1),
(42, '9780000000042', 'Imortal Horizonte', 2005, 14, 51.70, 1),
(43, '9780000000043', 'Misterioso Universo', 1995, 16, 109.94, 1),
(44, '9780000000044', 'Escondido Memórias', 2017, 2, 188.91, 1),
(45, '9780000000045', 'Celestial Profecia', 2004, 14, 25.95, 1),
(46, '9780000000046', 'Escondido Código', 1997, 17, 24.26, 1),
(47, '9780000000047', 'Último Reflexos', 2018, 17, 79.22, 1),
(48, '9780000000048', 'Celestial Reflexos', 2012, 2, 73.35, 1),
(49, '9780000000049', 'Eterno Profecia', 2015, 2, 152.72, 1),
(50, '9780000000050', 'Proibido Sombras', 2019, 13, 191.10, 1),
(51, '9780000000051', 'Infinito Memórias', 1995, 9, 80.49, 1),
(52, '9780000000052', 'Oculto Sombras', 2018, 7, 184.44, 1),
(53, '9780000000053', 'Desconhecido Horizonte', 1992, 5, 69.47, 1),
(54, '9780000000054', 'Imortal Memórias', 2023, 20, 187.56, 1),
(55, '9780000000055', 'Infinito Reflexos', 1992, 11, 130.90, 1),
(56, '9780000000056', 'Infinito Labirinto', 2004, 20, 182.72, 1),
(57, '9780000000057', 'Brilhante Profecia', 2020, 5, 110.59, 1),
(58, '9780000000058', 'Fantástico Mundo', 2016, 19, 122.38, 1),
(59, '9780000000059', 'Sombrio Estrelas', 2005, 8, 66.48, 1),
(60, '9780000000060', 'Perdido Alvorecer', 2000, 6, 24.72, 1),
(61, '9780000000061', 'Secreto Código', 2002, 20, 148.03, 1),
(62, '9780000000062', 'Misterioso Cidade', 2020, 11, 118.94, 1),
(63, '9780000000063', 'Imortal Cidade', 1997, 20, 199.60, 1),
(64, '9780000000064', 'Desconhecido Universo', 1992, 15, 121.84, 1),
(65, '9780000000065', 'Fantástico Segredo', 2017, 14, 125.68, 1),
(66, '9780000000066', 'Infinito Estrelas', 1995, 16, 106.74, 1),
(67, '9780000000067', 'Fantástico Cidade', 1999, 6, 64.01, 1),
(68, '9780000000068', 'Proibido Código', 1999, 9, 165.15, 1),
(69, '9780000000069', 'Infinito Código', 2009, 7, 25.05, 1),
(70, '9780000000070', 'Imortal Reflexos', 2018, 17, 109.12, 1),
(71, '9780000000071', 'Sombrio Labirinto', 2012, 5, 31.58, 1),
(72, '9780000000072', 'Fantástico Profecia', 2020, 9, 171.46, 1),
(73, '9780000000073', 'Brilhante Segredo', 1994, 8, 74.42, 1),
(74, '9780000000074', 'Último Cidade', 2019, 7, 117.38, 1),
(75, '9780000000075', 'Celestial Código', 1999, 12, 157.15, 1),
(76, '9780000000076', 'Eterno Estrelas', 2003, 15, 67.12, 1),
(77, '9780000000077', 'Misterioso Segredo', 1992, 4, 105.02, 1),
(78, '9780000000078', 'Infinito Alvorecer', 2024, 9, 184.67, 1),
(79, '9780000000079', 'Perdido Universo', 1995, 8, 83.38, 1),
(80, '9780000000080', 'Oculto Sombras', 2023, 12, 62.67, 1),
(81, '9780000000081', 'Imortal Universo', 1997, 17, 198.91, 1),
(82, '9780000000082', 'Proibido Horizonte', 1991, 10, 173.36, 1),
(83, '9780000000083', 'Secreto Sombras', 2018, 10, 104.65, 1),
(84, '9780000000084', 'Eterno Memórias', 2014, 13, 141.98, 1),
(85, '9780000000085', 'Proibido Mundo', 2022, 8, 166.31, 1),
(86, '9780000000086', 'Perdido Horizonte', 1991, 8, 123.74, 1),
(87, '9780000000087', 'Oculto Caminho', 2003, 17, 186.62, 1),
(88, '9780000000088', 'Sombrio Segredo', 2001, 20, 49.27, 1),
(89, '9780000000089', 'Eterno Alvorecer', 2009, 11, 82.81, 1),
(90, '9780000000090', 'Eterno Memórias', 2025, 5, 82.73, 1),
(91, '9780000000091', 'Último Alvorecer', 2017, 16, 81.52, 1),
(92, '9780000000092', 'Sombrio Profecia', 1994, 13, 44.48, 1),
(93, '9780000000093', 'Oculto Caminho', 1993, 1, 98.63, 1),
(94, '9780000000094', 'Infinito Reflexos', 1991, 19, 124.15, 1),
(95, '9780000000095', 'Oculto Caminho', 2021, 5, 156.10, 1),
(96, '9780000000096', 'Celestial Mundo', 2009, 2, 75.85, 1),
(97, '9780000000097', 'Brilhante Labirinto', 2007, 7, 129.58, 1),
(98, '9780000000098', 'Último Mundo', 2019, 8, 104.21, 2),
(99, '9780000000099', 'Misterioso Universo', 2012, 19, 29.07, 2),
(100, '9780000000100', 'Último Destino', 2006, 18, 183.12, 2),
(101, '9780000000101', 'Oculto Memórias', 2018, 8, 35.99, 2),
(102, '9780000000102', 'Fantástico Alvorecer', 2003, 12, 22.70, 2),
(103, '9780000000103', 'Último Sombras', 1992, 15, 141.44, 2),
(104, '9780000000104', 'Sombrio Memórias', 2019, 2, 69.20, 2),
(105, '9780000000105', 'Sombrio Código', 1992, 5, 184.55, 2),
(106, '9780000000106', 'Sombrio Mundo', 1991, 16, 66.06, 2),
(107, '9780000000107', 'Proibido Universo', 2022, 5, 198.75, 2),
(108, '9780000000108', 'Eterno Segredo', 1990, 2, 99.29, 2),
(109, '9780000000109', 'Desconhecido Sombras', 2000, 11, 81.24, 2),
(110, '9780000000110', 'Brilhante Memórias', 2021, 10, 142.96, 2),
(111, '9780000000111', 'Imortal Profecia', 1991, 18, 148.42, 2),
(112, '9780000000112', 'Celestial Código', 2019, 9, 97.11, 2),
(113, '9780000000113', 'Imortal Código', 2005, 19, 80.98, 2),
(114, '9780000000114', 'Infinito Cidade', 2020, 4, 144.33, 2),
(115, '9780000000115', 'Escondido Horizonte', 2003, 1, 129.53, 2),
(116, '9780000000116', 'Misterioso Labirinto', 2011, 15, 63.59, 2),
(117, '9780000000117', 'Fantástico Sombras', 2019, 15, 25.58, 2),
(118, '9780000000118', 'Eterno Alvorecer', 1994, 16, 103.84, 2),
(119, '9780000000119', 'Fantástico Segredo', 2009, 16, 170.07, 2),
(120, '9780000000120', 'Sombrio Estrelas', 2003, 6, 73.63, 2),
(121, '9780000000121', 'Desconhecido Memórias', 2020, 10, 117.33, 2),
(122, '9780000000122', 'Proibido Cidade', 2004, 19, 66.24, 2),
(123, '9780000000123', 'Sombrio Cidade', 2025, 7, 84.24, 2),
(124, '9780000000124', 'Último Reflexos', 2013, 14, 85.04, 2),
(125, '9780000000125', 'Sombrio Caminho', 2006, 3, 115.29, 2),
(126, '9780000000126', 'Brilhante Sombras', 1990, 7, 192.58, 2),
(127, '9780000000127', 'Proibido Mundo', 2000, 8, 32.32, 2),
(128, '9780000000128', 'Celestial Horizonte', 2022, 2, 48.41, 2),
(129, '9780000000129', 'Misterioso Universo', 1999, 13, 46.50, 2),
(130, '9780000000130', 'Fantástico Profecia', 2012, 5, 42.24, 2),
(131, '9780000000131', 'Último Horizonte', 2016, 13, 171.16, 2),
(132, '9780000000132', 'Escondido Destino', 2010, 15, 133.33, 3),
(133, '9780000000133', 'Eterno Universo', 2015, 20, 176.81, 3),
(134, '9780000000134', 'Proibido Memórias', 1999, 3, 41.27, 3),
(135, '9780000000135', 'Sombrio Estrelas', 2022, 15, 123.51, 3),
(136, '9780000000136', 'Imortal Caminho', 2000, 18, 160.16, 3),
(137, '9780000000137', 'Misterioso Cidade', 2025, 4, 51.50, 3),
(138, '9780000000138', 'Sombrio Profecia', 2002, 6, 114.36, 3),
(139, '9780000000139', 'Perdido Alvorecer', 2020, 2, 28.98, 3),
(140, '9780000000140', 'Eterno Horizonte', 2006, 19, 29.15, 3),
(141, '9780000000141', 'Imortal Memórias', 2017, 3, 165.87, 3),
(142, '9780000000142', 'Escondido Universo', 2013, 17, 160.87, 3),
(143, '9780000000143', 'Sombrio Destino', 2002, 17, 165.68, 3),
(144, '9780000000144', 'Celestial Labirinto', 2020, 9, 35.22, 3),
(145, '9780000000145', 'Imortal Labirinto', 2019, 12, 163.01, 3),
(146, '9780000000146', 'Celestial Mundo', 2017, 10, 128.51, 3),
(147, '9780000000147', 'Imortal Mundo', 2006, 20, 41.92, 3),
(148, '9780000000148', 'Infinito Segredo', 2019, 8, 52.13, 3),
(149, '9780000000149', 'Sombrio Universo', 2007, 4, 43.97, 3),
(150, '9780000000150', 'Fantástico Reflexos', 1997, 4, 80.61, 3),
(151, '9780000000151', 'Escondido Cidade', 1997, 9, 100.70, 3),
(152, '9780000000152', 'Fantástico Destino', 2006, 17, 65.28, 3),
(153, '9780000000153', 'Proibido Segredo', 1997, 12, 172.46, 3),
(154, '9780000000154', 'Sombrio Alvorecer', 2022, 7, 117.07, 3),
(155, '9780000000155', 'Desconhecido Estrelas', 1996, 19, 127.37, 3),
(156, '9780000000156', 'Eterno Alvorecer', 2021, 12, 21.03, 3),
(157, '9780000000157', 'Infinito Labirinto', 1999, 13, 195.38, 3),
(158, '9780000000158', 'Brilhante Estrelas', 1993, 19, 65.69, 3),
(159, '9780000000159', 'Escondido Estrelas', 2021, 15, 51.42, 3),
(160, '9780000000160', 'Proibido Segredo', 2025, 16, 157.24, 3),
(161, '9780000000161', 'Brilhante Estrelas', 1997, 8, 188.60, 3),
(162, '9780000000162', 'Último Segredo', 2003, 7, 157.90, 3),
(163, '9780000000163', 'Fantástico Destino', 1998, 19, 150.37, 3),
(164, '9780000000164', 'Secreto Segredo', 1994, 14, 120.28, 3),
(165, '9780000000165', 'Sombrio Alvorecer', 2011, 12, 120.76, 3),
(166, '9780000000166', 'Perdido Reflexos', 2008, 17, 174.28, 3),
(167, '9780000000167', 'Sombrio Segredo', 2015, 3, 74.60, 3),
(168, '9780000000168', 'Secreto Estrelas', 2001, 8, 102.45, 3),
(169, '9780000000169', 'Último Estrelas', 2015, 16, 56.83, 3),
(170, '9780000000170', 'Misterioso Universo', 2017, 3, 119.72, 3),
(171, '9780000000171', 'Infinito Universo', 2024, 2, 79.21, 3),
(172, '9780000000172', 'Último Segredo', 1996, 11, 169.31, 3),
(173, '9780000000173', 'Oculto Cidade', 2021, 17, 193.34, 3),
(174, '9780000000174', 'Proibido Profecia', 1991, 17, 113.25, 3),
(175, '9780000000175', 'Eterno Destino', 1999, 6, 135.90, 3),
(176, '9780000000176', 'Perdido Labirinto', 2017, 8, 135.22, 3),
(177, '9780000000177', 'Brilhante Horizonte', 2003, 10, 104.26, 3),
(178, '9780000000178', 'Imortal Labirinto', 2015, 20, 148.41, 3),
(179, '9780000000179', 'Escondido Destino', 2021, 2, 40.30, 3),
(180, '9780000000180', 'Proibido Reflexos', 1995, 18, 58.09, 3),
(181, '9780000000181', 'Proibido Código', 2016, 10, 69.62, 3),
(182, '9780000000182', 'Proibido Caminho', 2021, 5, 133.04, 3),
(183, '9780000000183', 'Infinito Horizonte', 2018, 17, 95.75, 3),
(184, '9780000000184', 'Fantástico Caminho', 2002, 12, 170.38, 3),
(185, '9780000000185', 'Secreto Reflexos', 2013, 5, 128.98, 3),
(186, '9780000000186', 'Escondido Segredo', 2000, 5, 166.50, 3),
(187, '9780000000187', 'Infinito Labirinto', 2007, 15, 48.52, 3),
(188, '9780000000188', 'Brilhante Sombras', 2023, 2, 163.88, 3),
(189, '9780000000189', 'Imortal Mundo', 2011, 2, 118.19, 3),
(190, '9780000000190', 'Celestial Memórias', 2019, 5, 72.55, 3),
(191, '9780000000191', 'Oculto Horizonte', 2007, 1, 141.92, 3),
(192, '9780000000192', 'Desconhecido Código', 2017, 3, 136.32, 3),
(193, '9780000000193', 'Perdido Horizonte', 2014, 13, 183.90, 3),
(194, '9780000000194', 'Desconhecido Memórias', 2002, 2, 50.70, 3),
(195, '9780000000195', 'Eterno Memórias', 2015, 14, 65.64, 3),
(196, '9780000000196', 'Escondido Horizonte', 2017, 19, 52.54, 3),
(197, '9780000000197', 'Desconhecido Segredo', 2005, 7, 34.29, 4),
(198, '9780000000198', 'Desconhecido Destino', 2001, 19, 110.16, 4),
(199, '9780000000199', 'Misterioso Profecia', 2018, 18, 49.93, 4),
(200, '9780000000200', 'Sombrio Reflexos', 2015, 1, 184.56, 4),
(201, '9780000000201', 'Oculto Sombras', 1994, 2, 151.14, 4),
(202, '9780000000202', 'Brilhante Cidade', 2014, 16, 112.54, 4),
(203, '9780000000203', 'Brilhante Cidade', 1990, 2, 177.40, 4),
(204, '9780000000204', 'Secreto Sombras', 2016, 7, 182.37, 4),
(205, '9780000000205', 'Secreto Profecia', 2003, 20, 137.49, 4),
(206, '9780000000206', 'Escondido Profecia', 1997, 19, 155.00, 4),
(207, '9780000000207', 'Sombrio Profecia', 2011, 6, 53.24, 4),
(208, '9780000000208', 'Sombrio Labirinto', 1998, 16, 120.64, 4),
(209, '9780000000209', 'Brilhante Labirinto', 2006, 7, 127.09, 5),
(210, '9780000000210', 'Brilhante Mundo', 1990, 14, 147.25, 5),
(211, '9780000000211', 'Proibido Memórias', 2024, 17, 100.46, 5),
(212, '9780000000212', 'Imortal Profecia', 2024, 4, 141.61, 5),
(213, '9780000000213', 'Secreto Mundo', 2009, 4, 116.41, 5),
(214, '9780000000214', 'Fantástico Alvorecer', 2013, 16, 110.88, 5),
(215, '9780000000215', 'Infinito Caminho', 2002, 4, 75.95, 5),
(216, '9780000000216', 'Oculto Destino', 2002, 16, 27.21, 5),
(217, '9780000000217', 'Proibido Reflexos', 2005, 20, 79.20, 5),
(218, '9780000000218', 'Proibido Estrelas', 2018, 18, 61.96, 5),
(219, '9780000000219', 'Imortal Horizonte', 2023, 18, 163.92, 5),
(220, '9780000000220', 'Sombrio Estrelas', 1990, 13, 83.60, 5),
(221, '9780000000221', 'Escondido Caminho', 2016, 16, 175.67, 5),
(222, '9780000000222', 'Desconhecido Horizonte', 2018, 3, 192.98, 5),
(223, '9780000000223', 'Desconhecido Sombras', 1991, 4, 161.98, 5),
(224, '9780000000224', 'Infinito Labirinto', 2021, 1, 162.50, 5),
(225, '9780000000225', 'Infinito Caminho', 2000, 7, 147.87, 5),
(226, '9780000000226', 'Oculto Código', 2021, 6, 45.09, 5),
(227, '9780000000227', 'Oculto Reflexos', 2003, 15, 50.69, 5),
(228, '9780000000228', 'Infinito Estrelas', 2015, 6, 171.72, 5),
(229, '9780000000229', 'Celestial Caminho', 2023, 4, 159.36, 5),
(230, '9780000000230', 'Fantástico Destino', 2019, 9, 158.86, 5),
(231, '9780000000231', 'Secreto Memórias', 1993, 20, 166.66, 5),
(232, '9780000000232', 'Secreto Labirinto', 2015, 3, 65.60, 5),
(233, '9780000000233', 'Brilhante Cidade', 2006, 1, 46.54, 5),
(234, '9780000000234', 'Escondido Destino', 2002, 12, 177.40, 5),
(235, '9780000000235', 'Infinito Cidade', 2019, 16, 146.69, 5),
(236, '9780000000236', 'Oculto Sombras', 1999, 9, 119.49, 5),
(237, '9780000000237', 'Secreto Memórias', 2007, 3, 153.92, 5),
(238, '9780000000238', 'Escondido Universo', 2023, 1, 52.18, 5),
(239, '9780000000239', 'Imortal Horizonte', 2014, 9, 120.37, 5),
(240, '9780000000240', 'Sombrio Alvorecer', 1990, 3, 34.67, 5),
(241, '9780000000241', 'Misterioso Sombras', 2004, 15, 185.35, 5),
(242, '9780000000242', 'Celestial Cidade', 1990, 4, 58.67, 5),
(243, '9780000000243', 'Perdido Alvorecer', 2025, 18, 189.53, 5),
(244, '9780000000244', 'Brilhante Código', 2012, 3, 27.96, 5),
(245, '9780000000245', 'Secreto Horizonte', 2018, 5, 87.47, 5),
(246, '9780000000246', 'Imortal Estrelas', 2002, 5, 124.19, 5),
(247, '9780000000247', 'Oculto Alvorecer', 2024, 15, 138.15, 5),
(248, '9780000000248', 'Secreto Alvorecer', 1998, 10, 38.22, 5),
(249, '9780000000249', 'Sombrio Horizonte', 2013, 13, 162.05, 5),
(250, '9780000000250', 'Secreto Código', 2018, 13, 139.44, 5),
(251, '9780000000251', 'Desconhecido Universo', 2003, 2, 124.02, 5),
(252, '9780000000252', 'Infinito Universo', 2008, 10, 157.50, 5),
(253, '9780000000253', 'Escondido Horizonte', 2013, 15, 41.75, 5),
(254, '9780000000254', 'Eterno Estrelas', 1991, 6, 102.75, 6),
(255, '9780000000255', 'Escondido Horizonte', 1993, 19, 144.93, 6),
(256, '9780000000256', 'Celestial Mundo', 1993, 16, 77.78, 6),
(257, '9780000000257', 'Celestial Labirinto', 1993, 8, 113.40, 6),
(258, '9780000000258', 'Desconhecido Horizonte', 1994, 3, 146.84, 6),
(259, '9780000000259', 'Eterno Sombras', 2024, 6, 188.66, 6),
(260, '9780000000260', 'Desconhecido Mundo', 2005, 10, 45.34, 6),
(261, '9780000000261', 'Sombrio Cidade', 1990, 1, 143.09, 6),
(262, '9780000000262', 'Celestial Profecia', 2002, 10, 29.60, 6),
(263, '9780000000263', 'Imortal Código', 2019, 16, 142.24, 7),
(264, '9780000000264', 'Fantástico Mundo', 2015, 19, 101.18, 7),
(265, '9780000000265', 'Perdido Horizonte', 1999, 14, 62.23, 7),
(266, '9780000000266', 'Imortal Código', 2019, 17, 165.45, 7),
(267, '9780000000267', 'Proibido Código', 2025, 11, 125.63, 7),
(268, '9780000000268', 'Imortal Profecia', 2024, 18, 191.75, 7),
(269, '9780000000269', 'Perdido Reflexos', 2018, 15, 47.08, 7),
(270, '9780000000270', 'Sombrio Memórias', 2003, 20, 137.34, 7),
(271, '9780000000271', 'Último Profecia', 1990, 19, 120.94, 7),
(272, '9780000000272', 'Proibido Cidade', 1997, 4, 198.91, 7),
(273, '9780000000273', 'Celestial Caminho', 2014, 14, 165.49, 7),
(274, '9780000000274', 'Sombrio Caminho', 1995, 6, 117.06, 7),
(275, '9780000000275', 'Celestial Destino', 2012, 15, 77.16, 7),
(276, '9780000000276', 'Secreto Memórias', 2006, 9, 65.54, 7),
(277, '9780000000277', 'Desconhecido Mundo', 2013, 12, 70.00, 7),
(278, '9780000000278', 'Desconhecido Caminho', 2014, 14, 113.81, 7),
(279, '9780000000279', 'Perdido Profecia', 1998, 17, 31.08, 7),
(280, '9780000000280', 'Perdido Segredo', 2012, 19, 193.47, 7),
(281, '9780000000281', 'Sombrio Memórias', 1994, 18, 93.89, 7),
(282, '9780000000282', 'Perdido Reflexos', 2010, 15, 103.77, 7),
(283, '9780000000283', 'Brilhante Profecia', 2019, 20, 133.74, 7),
(284, '9780000000284', 'Último Alvorecer', 1990, 4, 178.99, 7),
(285, '9780000000285', 'Proibido Labirinto', 2010, 16, 113.25, 7),
(286, '9780000000286', 'Desconhecido Memórias', 2002, 15, 115.24, 8),
(287, '9780000000287', 'Oculto Destino', 1998, 17, 72.40, 8),
(288, '9780000000288', 'Sombrio Profecia', 1995, 6, 46.62, 8),
(289, '9780000000289', 'Imortal Segredo', 2010, 5, 105.74, 8),
(290, '9780000000290', 'Proibido Memórias', 2015, 13, 103.09, 8),
(291, '9780000000291', 'Brilhante Caminho', 1995, 3, 124.96, 8),
(292, '9780000000292', 'Secreto Alvorecer', 2024, 5, 156.44, 8),
(293, '9780000000293', 'Brilhante Memórias', 2022, 3, 69.83, 8),
(294, '9780000000294', 'Infinito Segredo', 2014, 10, 151.69, 9),
(295, '9780000000295', 'Fantástico Reflexos', 2007, 11, 42.67, 9),
(296, '9780000000296', 'Secreto Segredo', 2016, 9, 38.46, 9),
(297, '9780000000297', 'Infinito Reflexos', 2019, 4, 42.84, 9),
(298, '9780000000298', 'Proibido Segredo', 2022, 6, 191.75, 9),
(299, '9780000000299', 'Secreto Reflexos', 2024, 3, 167.53, 9),
(300, '9780000000300', 'Proibido Estrelas', 1991, 17, 83.75, 10),
(301, '9780000000301', 'Último Profecia', 2020, 15, 187.63, 10),
(302, '9780000000302', 'Proibido Labirinto', 1997, 3, 188.86, 10),
(303, '9780000000303', 'Brilhante Cidade', 1995, 10, 83.72, 10),
(304, '9780000000304', 'Eterno Caminho', 2021, 11, 140.18, 10),
(305, '9780000000305', 'Proibido Caminho', 2018, 5, 114.98, 10),
(306, '9780000000306', 'Eterno Caminho', 2009, 20, 109.81, 10),
(307, '9780000000307', 'Secreto Caminho', 2015, 17, 152.62, 10),
(308, '9780000000308', 'Escondido Profecia', 2015, 10, 102.93, 10),
(309, '9780000000309', 'Sombrio Estrelas', 2001, 8, 184.03, 10),
(310, '9780000000310', 'Oculto Profecia', 2016, 13, 129.00, 10),
(311, '9780000000311', 'Oculto Segredo', 2014, 4, 188.94, 10),
(312, '9780000000312', 'Escondido Caminho', 2005, 14, 161.69, 10),
(313, '9780000000313', 'Infinito Cidade', 1991, 14, 143.12, 10),
(314, '9780000000314', 'Desconhecido Reflexos', 1990, 1, 193.85, 10),
(315, '9780000000315', 'Infinito Profecia', 1991, 18, 180.28, 10),
(316, '9780000000316', 'Misterioso Segredo', 1990, 17, 148.49, 10),
(317, '9780000000317', 'Último Profecia', 1992, 1, 106.97, 10),
(318, '9780000000318', 'Escondido Reflexos', 2015, 14, 150.61, 10),
(319, '9780000000319', 'Proibido Labirinto', 2005, 16, 63.84, 10),
(320, '9780000000320', 'Infinito Segredo', 1992, 3, 124.18, 10),
(321, '9780000000321', 'Fantástico Mundo', 2001, 11, 62.66, 10),
(322, '9780000000322', 'Desconhecido Alvorecer', 1995, 2, 58.71, 10),
(323, '9780000000323', 'Proibido Cidade', 2024, 15, 76.22, 10),
(324, '9780000000324', 'Último Destino', 2010, 18, 145.48, 10),
(325, '9780000000325', 'Desconhecido Universo', 2007, 16, 38.44, 10),
(326, '9780000000326', 'Último Estrelas', 2016, 19, 106.29, 10),
(327, '9780000000327', 'Fantástico Mundo', 2006, 6, 60.43, 10),
(328, '9780000000328', 'Infinito Labirinto', 2010, 11, 185.82, 10),
(329, '9780000000329', 'Imortal Profecia', 2023, 3, 191.28, 10),
(330, '9780000000330', 'Proibido Alvorecer', 1999, 14, 50.64, 10),
(331, '9780000000331', 'Oculto Reflexos', 1997, 20, 78.73, 10),
(332, '9780000000332', 'Eterno Horizonte', 2024, 2, 146.42, 10),
(333, '9780000000333', 'Oculto Sombras', 1996, 16, 86.56, 10),
(334, '9780000000334', 'Proibido Horizonte', 2008, 3, 181.23, 10),
(335, '9780000000335', 'Eterno Código', 2007, 15, 68.39, 10),
(336, '9780000000336', 'Infinito Alvorecer', 2024, 15, 164.38, 10),
(337, '9780000000337', 'Perdido Reflexos', 2011, 9, 125.65, 10),
(338, '9780000000338', 'Secreto Mundo', 2011, 8, 66.13, 10),
(339, '9780000000339', 'Infinito Memórias', 2002, 16, 38.76, 10),
(340, '9780000000340', 'Eterno Universo', 2007, 14, 125.77, 10),
(341, '9780000000341', 'Sombrio Memórias', 1991, 10, 129.55, 10),
(342, '9780000000342', 'Sombrio Estrelas', 2018, 16, 33.93, 10),
(343, '9780000000343', 'Escondido Universo', 2015, 3, 64.72, 10),
(344, '9780000000344', 'Brilhante Sombras', 2006, 16, 135.26, 10),
(345, '9780000000345', 'Desconhecido Labirinto', 1992, 11, 56.45, 10),
(346, '9780000000346', 'Infinito Universo', 2023, 14, 176.49, 10),
(347, '9780000000347', 'Fantástico Profecia', 2018, 5, 57.87, 10),
(348, '9780000000348', 'Eterno Labirinto', 2005, 19, 38.23, 10),
(349, '9780000000349', 'Secreto Mundo', 2012, 13, 157.99, 10),
(350, '9780000000350', 'Último Universo', 2010, 13, 155.70, 10),
(351, '9780000000351', 'Imortal Universo', 2021, 11, 49.84, 10),
(352, '9780000000352', 'Infinito Reflexos', 2020, 9, 161.49, 10),
(353, '9780000000353', 'Oculto Labirinto', 1993, 1, 20.77, 10),
(354, '9780000000354', 'Perdido Reflexos', 2014, 19, 122.31, 10),
(355, '9780000000355', 'Proibido Mundo', 1994, 1, 156.07, 10),
(356, '9780000000356', 'Fantástico Labirinto', 2018, 9, 88.76, 10),
(357, '9780000000357', 'Desconhecido Profecia', 2004, 18, 139.24, 10),
(358, '9780000000358', 'Proibido Sombras', 2012, 20, 94.86, 10),
(359, '9780000000359', 'Perdido Profecia', 1996, 4, 105.58, 10),
(360, '9780000000360', 'Eterno Horizonte', 1994, 20, 95.88, 10),
(361, '9780000000361', 'Último Código', 2019, 13, 81.55, 10),
(362, '9780000000362', 'Secreto Segredo', 2020, 14, 161.61, 10),
(363, '9780000000363', 'Sombrio Código', 2005, 11, 165.25, 10),
(364, '9780000000364', 'Secreto Código', 2012, 11, 88.27, 10),
(365, '9780000000365', 'Brilhante Profecia', 2025, 15, 164.81, 10),
(366, '9780000000366', 'Escondido Caminho', 1991, 3, 170.71, 10),
(367, '9780000000367', 'Eterno Segredo', 2025, 16, 140.00, 10),
(368, '9780000000368', 'Último Horizonte', 2014, 8, 169.50, 10),
(369, '9780000000369', 'Perdido Universo', 2011, 14, 128.16, 10),
(370, '9780000000370', 'Imortal Profecia', 2002, 19, 89.47, 10),
(371, '9780000000371', 'Perdido Universo', 1999, 10, 189.67, 10),
(372, '9780000000372', 'Fantástico Universo', 1991, 5, 25.52, 10),
(373, '9780000000373', 'Brilhante Universo', 2006, 1, 193.37, 10),
(374, '9780000000374', 'Brilhante Segredo', 2009, 19, 199.16, 10),
(375, '9780000000375', 'Último Reflexos', 2016, 14, 187.41, 10),
(376, '9780000000376', 'Desconhecido Reflexos', 1994, 20, 184.13, 10),
(377, '9780000000377', 'Brilhante Alvorecer', 2011, 20, 159.81, 10),
(378, '9780000000378', 'Sombrio Estrelas', 1993, 12, 109.30, 10),
(379, '9780000000379', 'Fantástico Destino', 1990, 11, 77.22, 10),
(380, '9780000000380', 'Brilhante Segredo', 2024, 2, 187.66, 10),
(381, '9780000000381', 'Último Labirinto', 2018, 12, 112.28, 10),
(382, '9780000000382', 'Último Memórias', 2018, 10, 31.62, 10),
(383, '9780000000383', 'Sombrio Segredo', 2024, 20, 175.16, 10),
(384, '9780000000384', 'Oculto Reflexos', 2019, 20, 101.22, 10),
(385, '9780000000385', 'Sombrio Universo', 2000, 6, 90.88, 10),
(386, '9780000000386', 'Oculto Caminho', 1992, 18, 71.71, 10);

-- --------------------------------------------------------

--
-- Estrutura para tabela `livro_autor`
--
DROP TABLE IF EXISTS `livro_autor`;
CREATE TABLE `livro_autor` (
  `id_autor` int(11) NOT NULL,
  `id_livro` int(11) NOT NULL
) ENGINE=InnoDB DEFAULT CHARSET=utf8mb4 COLLATE=utf8mb4_general_ci;

--
-- Despejando dados para a tabela `livro_autor`
--

INSERT INTO `livro_autor` (`id_autor`, `id_livro`) VALUES
(1, 30),
(1, 201),
(1, 262),
(1, 382),
(2, 4),
(2, 95),
(2, 228),
(2, 259),
(2, 318),
(2, 355),
(2, 370),
(3, 50),
(3, 119),
(3, 226),
(3, 273),
(3, 290),
(3, 303),
(4, 44),
(4, 52),
(4, 61),
(4, 195),
(4, 233),
(4, 292),
(4, 337),
(5, 105),
(5, 115),
(5, 260),
(5, 296),
(5, 315),
(5, 385),
(6, 6),
(6, 18),
(6, 89),
(6, 93),
(6, 191),
(6, 209),
(6, 217),
(6, 251),
(6, 371),
(7, 4),
(7, 7),
(7, 73),
(7, 175),
(7, 208),
(7, 222),
(7, 255),
(7, 267),
(7, 293),
(7, 320),
(8, 25),
(8, 28),
(8, 44),
(8, 61),
(8, 67),
(8, 93),
(8, 103),
(8, 194),
(8, 254),
(8, 267),
(8, 302),
(8, 306),
(9, 42),
(9, 50),
(9, 66),
(9, 122),
(9, 142),
(9, 176),
(9, 182),
(9, 211),
(9, 251),
(10, 49),
(10, 61),
(10, 76),
(10, 160),
(10, 204),
(10, 211),
(10, 238),
(10, 279),
(10, 303),
(10, 368),
(10, 370),
(10, 379),
(11, 7),
(11, 82),
(11, 124),
(11, 165),
(11, 180),
(11, 187),
(11, 266),
(11, 278),
(11, 292),
(12, 64),
(12, 72),
(12, 205),
(12, 215),
(12, 219),
(12, 248),
(12, 255),
(12, 316),
(12, 360),
(12, 383),
(13, 5),
(13, 7),
(13, 92),
(13, 204),
(13, 212),
(13, 302),
(13, 312),
(13, 313),
(14, 76),
(14, 84),
(14, 86),
(14, 96),
(14, 111),
(14, 236),
(14, 309),
(14, 326),
(14, 368),
(14, 373),
(15, 21),
(15, 57),
(15, 64),
(15, 81),
(15, 126),
(15, 237),
(15, 262),
(15, 354),
(16, 3),
(16, 93),
(16, 97),
(16, 139),
(16, 147),
(16, 195),
(16, 212),
(16, 233),
(16, 261),
(16, 319),
(16, 334),
(17, 19),
(17, 41),
(17, 208),
(17, 209),
(17, 220),
(17, 291),
(17, 294),
(17, 328),
(17, 342),
(18, 44),
(18, 93),
(18, 148),
(18, 174),
(18, 186),
(18, 202),
(18, 261),
(18, 299),
(18, 312),
(19, 36),
(19, 52),
(19, 90),
(19, 109),
(19, 111),
(19, 163),
(19, 186),
(19, 291),
(20, 32),
(20, 106),
(20, 180),
(20, 256),
(20, 267),
(20, 269),
(20, 282),
(20, 307),
(20, 370),
(20, 378),
(21, 92),
(21, 153),
(21, 175),
(21, 177),
(21, 305),
(21, 329),
(22, 86),
(22, 100),
(22, 104),
(22, 111),
(22, 127),
(22, 132),
(22, 158),
(22, 164),
(22, 223),
(22, 251),
(23, 1),
(23, 10),
(23, 124),
(23, 125),
(23, 172),
(23, 216),
(23, 238),
(23, 265),
(23, 267),
(23, 307),
(24, 21),
(24, 55),
(24, 72),
(24, 93),
(24, 141),
(24, 153),
(24, 182),
(24, 219),
(24, 224),
(24, 379),
(25, 7),
(25, 8),
(25, 45),
(25, 64),
(25, 70),
(25, 74),
(25, 141),
(25, 169),
(25, 186),
(25, 303),
(26, 196),
(26, 204),
(26, 264),
(26, 330),
(26, 379),
(27, 30),
(27, 47),
(27, 49),
(27, 59),
(27, 64),
(27, 139),
(27, 170),
(27, 205),
(27, 224),
(27, 231),
(27, 352),
(27, 378),
(28, 83),
(28, 89),
(28, 111),
(28, 122),
(28, 132),
(28, 169),
(28, 193),
(28, 260),
(28, 326),
(28, 349),
(28, 360),
(29, 29),
(29, 80),
(29, 107),
(29, 146),
(29, 155),
(29, 173),
(29, 222),
(29, 269),
(29, 302),
(29, 306),
(30, 109),
(30, 124),
(30, 160),
(30, 216),
(30, 243),
(30, 271),
(30, 286),
(30, 368),
(31, 83),
(31, 92),
(31, 111),
(31, 166),
(31, 208),
(31, 296),
(31, 315),
(31, 334),
(31, 337),
(31, 381),
(32, 15),
(32, 46),
(32, 83),
(32, 92),
(32, 135),
(32, 235),
(32, 312),
(32, 315),
(32, 379),
(33, 50),
(33, 89),
(33, 111),
(33, 133),
(33, 139),
(33, 164),
(33, 211),
(33, 213),
(33, 236),
(33, 277),
(33, 285),
(33, 328),
(33, 333),
(33, 375),
(34, 9),
(34, 18),
(34, 64),
(34, 112),
(34, 154),
(34, 193),
(34, 226),
(34, 273),
(34, 367),
(34, 382),
(35, 19),
(35, 112),
(35, 176),
(35, 232),
(35, 234),
(35, 379),
(35, 380),
(36, 40),
(36, 85),
(36, 112),
(36, 125),
(36, 162),
(36, 191),
(36, 194),
(36, 205),
(36, 307),
(36, 359),
(36, 379),
(37, 18),
(37, 69),
(37, 80),
(37, 178),
(37, 181),
(37, 263),
(37, 273),
(38, 2),
(38, 18),
(38, 92),
(38, 150),
(38, 193),
(38, 261),
(38, 292),
(38, 358),
(39, 62),
(39, 80),
(39, 94),
(39, 174),
(39, 216),
(39, 266),
(39, 289),
(39, 290),
(39, 334),
(39, 379),
(39, 382),
(40, 147),
(40, 178),
(40, 206),
(40, 233),
(40, 268),
(40, 294),
(40, 311),
(40, 316),
(40, 379),
(41, 18),
(41, 93),
(41, 160),
(41, 224),
(41, 232),
(41, 233),
(41, 254),
(41, 262),
(41, 289),
(41, 327),
(41, 364),
(42, 28),
(42, 122),
(42, 130),
(42, 148),
(42, 205),
(42, 294),
(42, 309),
(42, 324),
(43, 55),
(43, 79),
(43, 166),
(43, 169),
(43, 203),
(43, 205),
(43, 231),
(43, 377),
(43, 381),
(44, 80),
(44, 176),
(44, 183),
(44, 215),
(44, 230),
(44, 290),
(44, 340),
(45, 12),
(45, 16),
(45, 51),
(45, 122),
(45, 275),
(45, 328),
(45, 380),
(46, 17),
(46, 188),
(46, 192),
(46, 212),
(47, 47),
(47, 97),
(47, 120),
(47, 160),
(47, 165),
(47, 209),
(47, 216),
(47, 297),
(48, 43),
(48, 54),
(48, 125),
(48, 200),
(48, 215),
(48, 223),
(48, 265),
(48, 272),
(48, 349),
(49, 55),
(49, 175),
(49, 228),
(49, 237),
(49, 247),
(49, 261),
(49, 266),
(49, 296),
(49, 361),
(49, 381),
(50, 28),
(50, 66),
(50, 72),
(50, 131),
(50, 176),
(50, 225),
(50, 276),
(50, 282),
(50, 313),
(50, 381),
(51, 6),
(51, 18),
(51, 50),
(51, 81),
(51, 159),
(51, 216),
(51, 261),
(51, 289),
(51, 292),
(51, 372),
(52, 6),
(52, 18),
(52, 52),
(52, 88),
(52, 89),
(52, 294),
(52, 316),
(52, 344),
(53, 111),
(53, 125),
(53, 273),
(54, 27),
(54, 92),
(54, 93),
(54, 148),
(54, 228),
(54, 261),
(54, 286),
(54, 290),
(54, 337),
(54, 338),
(54, 370),
(55, 7),
(55, 9),
(55, 19),
(55, 32),
(55, 54),
(55, 62),
(55, 66),
(55, 182),
(55, 190),
(55, 231),
(55, 292),
(55, 324),
(55, 334),
(56, 7),
(56, 10),
(56, 47),
(56, 147),
(56, 261),
(56, 280),
(56, 282),
(56, 327),
(57, 76),
(57, 77),
(57, 150),
(57, 155),
(57, 206),
(57, 262),
(58, 8),
(58, 86),
(58, 208),
(58, 236),
(58, 244),
(58, 308),
(58, 364),
(59, 75),
(59, 92),
(59, 96),
(59, 97),
(59, 208),
(59, 223),
(59, 265),
(59, 276),
(59, 301),
(59, 328),
(59, 379),
(60, 15),
(60, 28),
(60, 44),
(60, 55),
(60, 255),
(60, 303),
(61, 9),
(61, 73),
(61, 96),
(61, 134),
(61, 155),
(61, 167),
(61, 191),
(61, 207),
(61, 291),
(61, 318),
(61, 380),
(62, 31),
(62, 47),
(62, 51),
(62, 52),
(62, 60),
(62, 100),
(62, 124),
(62, 132),
(62, 170),
(62, 191),
(62, 288),
(62, 303),
(62, 313),
(62, 356),
(62, 382),
(63, 73),
(63, 175),
(63, 206),
(63, 240),
(63, 321),
(63, 373),
(64, 55),
(64, 114),
(64, 224),
(64, 251),
(64, 348),
(64, 382),
(65, 204),
(65, 250),
(65, 269),
(65, 339),
(65, 363),
(65, 370),
(66, 6),
(66, 32),
(66, 37),
(66, 52),
(66, 55),
(66, 160),
(66, 205),
(66, 215),
(66, 260),
(66, 276),
(67, 44),
(67, 67),
(67, 134),
(67, 136),
(67, 211),
(67, 215),
(67, 231),
(67, 252),
(67, 260),
(67, 309),
(68, 47),
(68, 130),
(68, 156),
(68, 255),
(69, 16),
(69, 139),
(69, 178),
(69, 188),
(69, 238),
(69, 309),
(69, 337),
(70, 80),
(70, 92),
(70, 130),
(70, 204),
(70, 300),
(71, 9),
(71, 93),
(71, 112),
(71, 156),
(71, 193),
(71, 195),
(71, 237),
(71, 288),
(72, 6),
(72, 63),
(72, 64),
(72, 73),
(72, 133),
(72, 169),
(72, 182),
(72, 204),
(72, 267),
(72, 269),
(72, 316),
(72, 325),
(73, 40),
(73, 60),
(73, 131),
(73, 137),
(73, 156),
(73, 323),
(73, 367),
(73, 372),
(74, 76),
(74, 99),
(74, 143),
(74, 157),
(74, 265),
(74, 273),
(74, 370),
(74, 382),
(75, 7),
(75, 112),
(75, 167),
(75, 170),
(75, 214),
(75, 255),
(75, 298),
(76, 8),
(76, 71),
(76, 97),
(76, 194),
(76, 286),
(76, 289),
(76, 326),
(77, 33),
(77, 93),
(77, 167),
(77, 284),
(77, 384),
(78, 14),
(78, 122),
(78, 245),
(78, 261),
(78, 357),
(78, 373),
(79, 79),
(79, 123),
(79, 166),
(79, 205),
(79, 255),
(79, 380),
(80, 128),
(80, 178),
(80, 212),
(80, 303),
(80, 319),
(80, 321),
(80, 379),
(81, 60),
(81, 63),
(81, 121),
(81, 186),
(81, 197),
(82, 36),
(82, 67),
(82, 100),
(82, 109),
(82, 147),
(82, 154),
(82, 180),
(82, 202),
(82, 273),
(82, 301),
(82, 312),
(82, 359),
(83, 31),
(83, 60),
(83, 77),
(83, 148),
(83, 154),
(83, 202),
(83, 208),
(83, 360),
(84, 17),
(84, 32),
(84, 45),
(84, 139),
(84, 153),
(84, 180),
(84, 188),
(84, 191),
(84, 202),
(84, 211),
(85, 53),
(85, 103),
(85, 153),
(85, 154),
(85, 188),
(85, 258),
(85, 262),
(85, 290),
(86, 96),
(86, 174),
(86, 178),
(86, 180),
(86, 189),
(86, 215),
(86, 229),
(86, 355),
(86, 373),
(87, 11),
(87, 110),
(87, 205),
(87, 290),
(87, 292),
(87, 316),
(88, 16),
(88, 18),
(88, 32),
(88, 102),
(88, 132),
(88, 141),
(88, 202),
(88, 221),
(88, 334),
(88, 374),
(88, 386),
(89, 19),
(89, 103),
(89, 139),
(89, 148),
(89, 161),
(89, 309),
(89, 313),
(89, 317),
(89, 349),
(90, 15),
(90, 34),
(90, 51),
(90, 103),
(90, 109),
(90, 117),
(90, 135),
(90, 167),
(90, 184),
(90, 212),
(90, 219),
(90, 238),
(90, 279),
(90, 292),
(90, 294),
(90, 326),
(91, 36),
(91, 107),
(91, 158),
(91, 160),
(91, 251),
(91, 309),
(91, 316),
(91, 337),
(91, 369),
(92, 49),
(92, 86),
(92, 111),
(92, 153),
(92, 233),
(92, 261),
(92, 332),
(92, 360),
(93, 16),
(93, 55),
(93, 79),
(93, 148),
(93, 155),
(93, 182),
(93, 192),
(93, 193),
(93, 222),
(93, 306),
(93, 316),
(94, 92),
(94, 139),
(94, 150),
(94, 160),
(94, 167),
(94, 260),
(94, 267),
(94, 307),
(95, 92),
(95, 97),
(95, 100),
(95, 175),
(95, 228),
(95, 238),
(95, 287),
(95, 296),
(96, 24),
(96, 204),
(96, 211),
(96, 254),
(96, 312),
(97, 89),
(97, 124),
(97, 170),
(97, 222),
(97, 231),
(97, 232),
(97, 332),
(98, 31),
(98, 58),
(98, 95),
(98, 151),
(98, 228),
(98, 290),
(98, 302),
(98, 337),
(99, 92),
(99, 147),
(99, 158),
(99, 209),
(99, 212),
(99, 227),
(99, 310),
(100, 15),
(100, 28),
(100, 73),
(100, 77),
(100, 84),
(100, 95),
(100, 107),
(100, 129),
(100, 132),
(100, 198),
(100, 228),
(100, 235),
(100, 236),
(100, 292),
(101, 54),
(101, 149),
(101, 212),
(101, 249),
(101, 281),
(101, 314),
(101, 318),
(102, 13),
(102, 22),
(102, 137),
(102, 150),
(102, 167),
(102, 169),
(102, 188),
(102, 279),
(102, 292),
(102, 377),
(103, 124),
(103, 139),
(103, 175),
(103, 196),
(103, 199),
(103, 228),
(103, 271),
(103, 331),
(104, 30),
(104, 36),
(104, 97),
(104, 125),
(104, 179),
(104, 219),
(104, 228),
(104, 237),
(104, 377),
(105, 6),
(105, 72),
(105, 127),
(105, 130),
(105, 156),
(105, 242),
(105, 282),
(105, 351),
(105, 377),
(106, 20),
(106, 60),
(106, 125),
(106, 127),
(106, 156),
(106, 195),
(106, 288),
(106, 321),
(106, 359),
(106, 360),
(107, 65),
(107, 81),
(107, 86),
(107, 107),
(107, 125),
(107, 127),
(107, 205),
(107, 224),
(107, 235),
(107, 265),
(107, 303),
(108, 3),
(108, 8),
(108, 205),
(108, 219),
(108, 276),
(108, 290),
(108, 312),
(108, 362),
(109, 95),
(109, 148),
(109, 155),
(109, 193),
(109, 202),
(109, 228),
(109, 260),
(109, 301),
(109, 309),
(109, 359),
(110, 72),
(110, 83),
(110, 122),
(110, 193),
(110, 231),
(110, 266),
(110, 267),
(110, 326),
(110, 350),
(110, 362),
(111, 38),
(111, 73),
(111, 109),
(111, 153),
(111, 166),
(111, 174),
(111, 266),
(111, 332),
(111, 360),
(111, 373),
(111, 379),
(112, 112),
(112, 265),
(112, 322),
(113, 64),
(113, 67),
(113, 212),
(113, 289),
(114, 55),
(114, 72),
(114, 83),
(114, 86),
(114, 195),
(114, 274),
(114, 283),
(114, 290),
(114, 359),
(114, 373),
(115, 67),
(115, 79),
(115, 113),
(115, 133),
(115, 134),
(115, 315),
(115, 349),
(115, 364),
(115, 378),
(116, 24),
(116, 64),
(116, 77),
(116, 131),
(116, 192),
(117, 6),
(117, 63),
(117, 66),
(117, 97),
(117, 141),
(117, 193),
(117, 282),
(117, 306),
(117, 321),
(117, 349),
(117, 380),
(118, 17),
(118, 40),
(118, 76),
(118, 166),
(118, 186),
(118, 192),
(119, 6),
(119, 8),
(119, 21),
(119, 72),
(119, 147),
(119, 206),
(119, 282),
(119, 312),
(119, 332),
(119, 337),
(119, 365),
(119, 377),
(120, 10),
(120, 49),
(120, 60),
(120, 68),
(120, 80),
(120, 98),
(120, 125),
(120, 137),
(120, 168),
(120, 192),
(120, 239),
(120, 267),
(120, 295),
(120, 321),
(120, 367),
(121, 77),
(121, 95),
(121, 176),
(121, 336),
(121, 353),
(122, 5),
(122, 18),
(122, 54),
(122, 100),
(122, 141),
(122, 155),
(122, 216),
(122, 218),
(122, 257),
(122, 262),
(122, 343),
(122, 367),
(122, 378),
(123, 10),
(123, 100),
(123, 118),
(123, 148),
(123, 195),
(123, 261),
(123, 269),
(123, 288),
(123, 290),
(123, 327),
(123, 334),
(123, 377),
(124, 87),
(124, 169),
(124, 178),
(124, 316),
(125, 15),
(125, 36),
(125, 52),
(125, 84),
(125, 167),
(125, 180),
(125, 194),
(125, 238),
(125, 261),
(126, 16),
(126, 30),
(126, 35),
(126, 45),
(126, 50),
(126, 54),
(126, 170),
(126, 223),
(126, 302),
(126, 321),
(126, 335),
(127, 17),
(127, 19),
(127, 111),
(127, 130),
(127, 147),
(127, 176),
(127, 290),
(127, 316),
(127, 334),
(127, 366),
(128, 4),
(128, 89),
(128, 132),
(128, 135),
(128, 164),
(128, 205),
(128, 260),
(128, 261),
(128, 289),
(128, 328),
(128, 334),
(129, 110),
(129, 180),
(129, 196),
(129, 270),
(129, 318),
(130, 6),
(130, 48),
(130, 63),
(130, 113),
(130, 145),
(130, 166),
(130, 208),
(130, 224),
(131, 16),
(131, 63),
(131, 81),
(131, 86),
(131, 138),
(131, 235),
(131, 260),
(131, 292),
(131, 294),
(131, 378),
(132, 10),
(132, 31),
(132, 45),
(132, 64),
(132, 72),
(132, 76),
(132, 96),
(132, 156),
(132, 185),
(132, 204),
(132, 215),
(132, 222),
(132, 223),
(132, 292),
(132, 321),
(133, 47),
(133, 62),
(133, 148),
(133, 152),
(133, 216),
(133, 228),
(133, 260),
(133, 316),
(134, 36),
(134, 107),
(134, 164),
(134, 216),
(134, 304),
(134, 319),
(134, 356),
(134, 379),
(135, 3),
(135, 108),
(135, 127),
(135, 171),
(135, 191),
(135, 224),
(135, 291),
(135, 294),
(135, 307),
(135, 328),
(136, 93),
(136, 131),
(136, 139),
(136, 267),
(136, 276),
(136, 291),
(136, 315),
(136, 316),
(136, 328),
(136, 355),
(136, 364),
(136, 382),
(137, 26),
(137, 30),
(137, 44),
(137, 50),
(137, 72),
(137, 97),
(137, 193),
(137, 223),
(137, 232),
(137, 286),
(137, 302),
(137, 347),
(137, 356),
(138, 4),
(138, 6),
(138, 93),
(138, 241),
(138, 341),
(138, 368),
(139, 36),
(139, 66),
(139, 178),
(139, 206),
(139, 246),
(139, 368),
(140, 24),
(140, 51),
(140, 52),
(140, 101),
(140, 111),
(140, 141),
(140, 156),
(140, 178),
(140, 209),
(140, 210),
(140, 223),
(140, 251),
(140, 276),
(140, 279),
(140, 303),
(140, 313),
(140, 380),
(141, 32),
(141, 40),
(141, 89),
(141, 95),
(141, 125),
(141, 154),
(141, 192),
(141, 222),
(141, 233),
(141, 347),
(141, 355),
(141, 381),
(141, 382),
(142, 23),
(142, 39),
(142, 40),
(142, 140),
(142, 164),
(142, 188),
(142, 346),
(143, 60),
(143, 61),
(143, 77),
(143, 78),
(143, 97),
(143, 116),
(143, 154),
(143, 206),
(143, 208),
(143, 282),
(144, 49),
(144, 66),
(144, 131),
(144, 147),
(144, 164),
(144, 180),
(144, 196),
(144, 209),
(144, 237),
(144, 321),
(144, 326),
(144, 359),
(145, 132),
(145, 196),
(145, 224),
(145, 226),
(145, 253),
(145, 262),
(145, 303),
(145, 376),
(146, 45),
(146, 55),
(146, 167),
(146, 178),
(146, 211),
(146, 302),
(146, 313),
(146, 380),
(147, 79),
(147, 91),
(147, 122),
(147, 144),
(147, 148),
(147, 156),
(147, 254),
(147, 260),
(147, 265),
(147, 315),
(148, 28),
(148, 56),
(148, 233),
(148, 236),
(148, 251),
(148, 261),
(148, 306),
(148, 307),
(148, 328),
(148, 334),
(149, 18),
(149, 54),
(149, 81),
(149, 209),
(149, 271),
(149, 372),
(150, 18),
(150, 19),
(150, 28),
(150, 156),
(150, 167),
(150, 205),
(150, 206),
(150, 279),
(150, 319),
(150, 345),
(150, 380);

-- --------------------------------------------------------

--
-- Estrutura para tabela `livro_venda`
--
DROP TABLE IF EXISTS `livro_venda`;
CREATE TABLE `livro_venda` (
  `id_livro` int(11) NOT NULL,
  `id_venda` int(11) NOT NULL,
  `qtde_vendida` int(11) NOT NULL
) ENGINE=InnoDB DEFAULT CHARSET=utf8mb4 COLLATE=utf8mb4_general_ci;

--
-- Despejando dados para a tabela `livro_venda`
--

INSERT INTO `livro_venda` (`id_livro`, `id_venda`, `qtde_vendida`) VALUES
(1, 132, 5),
(1, 258, 10),
(1, 354, 2),
(1, 472, 3),
(2, 87, 9),
(2, 158, 5),
(2, 343, 5),
(2, 390, 4),
(2, 423, 4),
(3, 14, 4),
(4, 271, 10),
(4, 538, 2),
(5, 397, 2),
(5, 447, 9),
(6, 223, 6),
(6, 268, 7),
(6, 301, 1),
(6, 352, 10),
(6, 530, 2),
(7, 76, 3),
(7, 153, 4),
(7, 465, 4),
(8, 16, 10),
(8, 113, 9),
(8, 119, 7),
(8, 282, 9),
(8, 345, 8),
(9, 39, 7),
(9, 140, 8),
(9, 163, 1),
(9, 201, 2),
(9, 216, 6),
(9, 296, 10),
(9, 341, 3),
(9, 445, 1),
(10, 48, 4),
(10, 119, 9),
(10, 391, 3),
(10, 393, 2),
(10, 460, 8),
(10, 489, 5),
(11, 28, 9),
(11, 37, 5),
(11, 65, 3),
(11, 85, 5),
(11, 393, 8),
(12, 468, 3),
(13, 120, 3),
(13, 304, 5),
(13, 331, 5),
(13, 340, 8),
(13, 396, 10),
(13, 472, 10),
(14, 96, 10),
(14, 363, 4),
(14, 522, 7),
(14, 546, 15),
(15, 439, 9),
(15, 452, 7),
(15, 460, 3),
(15, 535, 5),
(16, 141, 3),
(16, 153, 6),
(16, 183, 5),
(16, 211, 9),
(17, 13, 5),
(17, 204, 2),
(17, 355, 9),
(18, 346, 1),
(18, 389, 6),
(19, 114, 10),
(19, 125, 2),
(19, 249, 2),
(19, 250, 9),
(19, 265, 7),
(19, 298, 10),
(19, 381, 8),
(19, 394, 4),
(19, 410, 2),
(20, 149, 1),
(20, 169, 8),
(20, 238, 7),
(20, 328, 7),
(20, 332, 10),
(20, 412, 4),
(21, 5, 3),
(21, 49, 2),
(21, 125, 1),
(21, 286, 9),
(21, 367, 1),
(21, 524, 4),
(22, 25, 10),
(22, 358, 3),
(22, 480, 10),
(23, 81, 5),
(23, 88, 2),
(23, 329, 6),
(23, 347, 6),
(23, 364, 3),
(23, 533, 2),
(24, 125, 6),
(25, 56, 10),
(25, 104, 6),
(25, 271, 6),
(25, 355, 4),
(25, 534, 2),
(26, 37, 5),
(26, 234, 8),
(26, 415, 1),
(26, 517, 8),
(27, 174, 5),
(27, 417, 7),
(28, 172, 6),
(28, 217, 9),
(28, 321, 10),
(28, 329, 1),
(28, 468, 9),
(28, 519, 1),
(29, 28, 6),
(29, 52, 10),
(29, 184, 7),
(29, 221, 8),
(29, 237, 2),
(29, 367, 7),
(29, 452, 8),
(30, 107, 2),
(30, 521, 3),
(31, 64, 4),
(31, 114, 2),
(31, 194, 9),
(31, 279, 5),
(31, 480, 3),
(31, 508, 2),
(31, 524, 3),
(32, 49, 1),
(32, 202, 4),
(32, 256, 7),
(32, 429, 7),
(32, 472, 4),
(33, 20, 4),
(33, 150, 8),
(33, 177, 10),
(33, 245, 4),
(33, 540, 2),
(34, 308, 4),
(35, 22, 5),
(35, 64, 6),
(35, 74, 2),
(35, 422, 2),
(35, 462, 5),
(35, 488, 4),
(36, 83, 2),
(36, 198, 6),
(37, 30, 1),
(37, 213, 6),
(37, 342, 7),
(38, 25, 6),
(38, 107, 8),
(38, 190, 7),
(38, 289, 3),
(39, 156, 2),
(39, 163, 4),
(39, 199, 2),
(39, 532, 8),
(40, 243, 3),
(40, 321, 8),
(40, 382, 4),
(40, 546, 25),
(41, 163, 5),
(41, 225, 9),
(41, 290, 7),
(42, 20, 7),
(42, 111, 6),
(42, 300, 6),
(43, 135, 4),
(43, 325, 3),
(43, 392, 6),
(43, 510, 1),
(44, 36, 6),
(44, 476, 10),
(44, 546, 12),
(45, 97, 5),
(45, 167, 9),
(45, 183, 4),
(45, 196, 1),
(45, 446, 10),
(46, 41, 10),
(46, 66, 4),
(46, 161, 10),
(46, 405, 9),
(46, 440, 9),
(46, 482, 2),
(47, 18, 2),
(47, 185, 5),
(47, 487, 10),
(48, 188, 9),
(48, 208, 3),
(48, 233, 4),
(48, 347, 4),
(48, 442, 1),
(49, 45, 1),
(49, 93, 7),
(51, 42, 5),
(51, 193, 2),
(51, 279, 1),
(51, 509, 10),
(52, 7, 9),
(52, 50, 7),
(52, 181, 1),
(52, 336, 6),
(52, 391, 9),
(52, 526, 1),
(53, 280, 4),
(54, 251, 5),
(54, 386, 4),
(54, 539, 4),
(54, 545, 5),
(55, 3, 4),
(55, 73, 7),
(55, 84, 6),
(55, 109, 7),
(55, 189, 4),
(55, 482, 5),
(55, 527, 4),
(56, 38, 4),
(56, 310, 1),
(57, 16, 9),
(57, 222, 5),
(57, 349, 2),
(57, 383, 10),
(57, 411, 4),
(57, 419, 3),
(57, 440, 8),
(58, 26, 5),
(58, 131, 5),
(58, 230, 5),
(58, 348, 10),
(58, 423, 9),
(58, 515, 6),
(59, 109, 1),
(59, 260, 6),
(59, 456, 1),
(60, 21, 3),
(60, 23, 10),
(60, 158, 8),
(60, 170, 3),
(60, 318, 2),
(60, 319, 6),
(61, 116, 10),
(61, 366, 4),
(62, 436, 3),
(62, 476, 7),
(62, 504, 8),
(63, 112, 5),
(63, 287, 2),
(64, 60, 9),
(64, 89, 1),
(64, 111, 7),
(64, 113, 9),
(64, 136, 9),
(64, 427, 3),
(64, 546, 10),
(65, 20, 3),
(65, 39, 7),
(65, 262, 10),
(65, 398, 2),
(65, 420, 8),
(65, 421, 7),
(65, 536, 6),
(66, 23, 9),
(66, 195, 9),
(67, 232, 10),
(67, 333, 6),
(67, 446, 5),
(68, 9, 10),
(68, 106, 3),
(68, 201, 9),
(68, 504, 8),
(69, 3, 8),
(69, 243, 9),
(69, 321, 7),
(69, 369, 8),
(69, 505, 8),
(69, 520, 8),
(70, 16, 5),
(70, 65, 3),
(70, 292, 10),
(70, 437, 6),
(70, 458, 4),
(71, 53, 7),
(71, 228, 2),
(71, 405, 1),
(71, 514, 3),
(72, 114, 9),
(72, 173, 5),
(72, 175, 7),
(72, 270, 8),
(72, 274, 6),
(72, 287, 2),
(72, 323, 9),
(72, 387, 8),
(72, 395, 1),
(72, 409, 9),
(74, 158, 1),
(74, 296, 10),
(74, 333, 2),
(74, 475, 1),
(74, 521, 1),
(74, 546, 1),
(75, 303, 5),
(75, 425, 1),
(75, 431, 1),
(75, 491, 1),
(76, 8, 1),
(76, 134, 9),
(76, 146, 3),
(76, 157, 9),
(76, 262, 1),
(76, 361, 3),
(77, 125, 4),
(78, 359, 5),
(78, 433, 8),
(78, 483, 2),
(79, 207, 3),
(79, 362, 3),
(79, 516, 5),
(79, 521, 5),
(80, 207, 6),
(80, 273, 10),
(80, 405, 4),
(81, 76, 5),
(81, 104, 10),
(81, 235, 4),
(81, 273, 9),
(81, 538, 1),
(82, 13, 2),
(82, 115, 1),
(82, 211, 2),
(82, 481, 4),
(82, 539, 9),
(83, 239, 8),
(83, 267, 3),
(83, 317, 3),
(84, 150, 1),
(84, 157, 10),
(84, 263, 6),
(84, 329, 4),
(84, 499, 2),
(85, 14, 8),
(85, 167, 3),
(85, 177, 10),
(85, 305, 8),
(85, 444, 9),
(85, 486, 2),
(86, 237, 1),
(87, 178, 10),
(87, 343, 10),
(87, 416, 4),
(88, 523, 10),
(89, 406, 1),
(90, 140, 8),
(90, 152, 3),
(90, 259, 9),
(91, 174, 1),
(91, 408, 9),
(91, 442, 2),
(92, 8, 2),
(92, 160, 6),
(92, 206, 1),
(92, 253, 5),
(92, 323, 3),
(92, 543, 8),
(93, 311, 1),
(93, 395, 3),
(93, 511, 10),
(94, 133, 4),
(94, 201, 10),
(94, 229, 6),
(94, 252, 9),
(94, 276, 7),
(94, 338, 10),
(94, 393, 10),
(94, 515, 9),
(95, 70, 3),
(96, 131, 7),
(96, 224, 8),
(96, 302, 2),
(96, 333, 6),
(96, 378, 3),
(97, 196, 1),
(97, 312, 8),
(97, 342, 7),
(98, 317, 6),
(98, 347, 7),
(98, 351, 8),
(99, 209, 5),
(99, 325, 9),
(99, 365, 8),
(99, 368, 6),
(100, 71, 6),
(100, 307, 2),
(100, 325, 2),
(101, 64, 2),
(101, 90, 3),
(101, 187, 8),
(101, 323, 8),
(102, 29, 1),
(102, 97, 5),
(102, 235, 6),
(102, 389, 3),
(102, 512, 4),
(103, 29, 10),
(103, 75, 6),
(103, 116, 4),
(103, 232, 9),
(103, 450, 2),
(103, 543, 10),
(104, 76, 8),
(104, 187, 5),
(104, 342, 2),
(104, 512, 2),
(105, 28, 9),
(105, 67, 4),
(105, 113, 6),
(105, 132, 10),
(105, 152, 9),
(105, 244, 10),
(105, 277, 5),
(105, 343, 6),
(105, 417, 3),
(106, 206, 1),
(106, 494, 7),
(106, 507, 1),
(107, 12, 8),
(107, 313, 4),
(107, 333, 5),
(107, 425, 6),
(107, 529, 4),
(108, 89, 2),
(108, 104, 8),
(108, 151, 5),
(108, 361, 7),
(108, 408, 2),
(108, 471, 2),
(109, 51, 5),
(109, 94, 2),
(110, 28, 2),
(110, 74, 4),
(110, 98, 9),
(110, 117, 7),
(110, 206, 4),
(110, 306, 10),
(110, 423, 9),
(110, 455, 8),
(111, 10, 9),
(111, 119, 2),
(111, 455, 8),
(112, 257, 9),
(112, 331, 3),
(112, 537, 9),
(113, 11, 5),
(113, 14, 6),
(113, 50, 10),
(113, 179, 9),
(113, 258, 5),
(113, 330, 2),
(113, 389, 1),
(113, 452, 4),
(113, 541, 7),
(114, 241, 3),
(114, 244, 6),
(114, 284, 10),
(114, 404, 6),
(115, 197, 10),
(115, 227, 10),
(115, 300, 1),
(115, 471, 5),
(115, 474, 4),
(115, 498, 9),
(115, 526, 6),
(116, 160, 4),
(116, 231, 10),
(116, 337, 5),
(118, 105, 2),
(118, 167, 10),
(118, 493, 4),
(119, 29, 10),
(119, 92, 2),
(119, 329, 8),
(119, 367, 7),
(120, 517, 3),
(120, 532, 1),
(121, 5, 3),
(121, 118, 2),
(121, 212, 9),
(121, 428, 9),
(122, 30, 9),
(122, 67, 2),
(122, 83, 3),
(122, 199, 8),
(122, 411, 9),
(123, 33, 10),
(123, 269, 4),
(123, 384, 7),
(123, 426, 7),
(123, 472, 4),
(124, 230, 6),
(125, 314, 4),
(126, 70, 1),
(126, 116, 2),
(126, 379, 3),
(127, 21, 5),
(127, 41, 8),
(127, 165, 7),
(127, 292, 2),
(127, 413, 1),
(127, 508, 8),
(127, 526, 5),
(129, 159, 1),
(129, 173, 10),
(129, 180, 9),
(129, 433, 8),
(129, 457, 5),
(129, 484, 4),
(130, 243, 4),
(130, 360, 2),
(130, 375, 10),
(131, 361, 4),
(131, 492, 10),
(132, 91, 1),
(132, 123, 8),
(132, 164, 2),
(132, 429, 9),
(133, 11, 8),
(133, 315, 4),
(133, 494, 5),
(133, 496, 9),
(134, 128, 10),
(134, 192, 7),
(135, 59, 4),
(135, 162, 6),
(135, 455, 8),
(136, 49, 10),
(136, 86, 10),
(136, 119, 7),
(136, 255, 7),
(136, 415, 10),
(137, 236, 2),
(137, 380, 9),
(137, 490, 7),
(137, 541, 5),
(138, 5, 8),
(138, 20, 2),
(138, 131, 4),
(138, 267, 6),
(138, 504, 2),
(138, 510, 1),
(139, 131, 6),
(139, 242, 2),
(139, 292, 8),
(140, 8, 2),
(140, 78, 5),
(140, 134, 7),
(140, 294, 9),
(140, 410, 10),
(140, 433, 10),
(141, 56, 2),
(141, 92, 10),
(141, 210, 3),
(141, 223, 2),
(141, 266, 7),
(142, 173, 3),
(142, 368, 4),
(143, 204, 4),
(143, 303, 6),
(143, 453, 4),
(144, 74, 3),
(144, 485, 4),
(145, 208, 5),
(145, 316, 6),
(145, 395, 4),
(145, 453, 1),
(145, 489, 10),
(146, 3, 5),
(146, 132, 9),
(146, 148, 4),
(146, 150, 3),
(146, 210, 7),
(146, 211, 7),
(147, 92, 5),
(147, 205, 10),
(147, 311, 10),
(148, 234, 5),
(148, 382, 2),
(148, 469, 4),
(149, 81, 1),
(149, 141, 10),
(149, 149, 3),
(149, 174, 10),
(149, 211, 2),
(149, 444, 8),
(149, 457, 7),
(150, 151, 1),
(150, 215, 5),
(150, 471, 7),
(151, 8, 8),
(151, 29, 2),
(151, 42, 2),
(151, 96, 4),
(151, 236, 1),
(151, 352, 10),
(152, 51, 10),
(152, 257, 2),
(152, 344, 5),
(152, 374, 7),
(153, 60, 5),
(153, 403, 3),
(154, 39, 8),
(154, 327, 1),
(154, 546, 1),
(155, 7, 10),
(155, 45, 2),
(155, 263, 3),
(155, 343, 8),
(155, 449, 7),
(156, 318, 2),
(157, 235, 7),
(157, 297, 1),
(157, 406, 6),
(157, 413, 8),
(158, 171, 3),
(158, 209, 1),
(158, 510, 3),
(159, 6, 1),
(159, 10, 10),
(159, 35, 6),
(159, 129, 5),
(159, 309, 9),
(160, 10, 6),
(160, 512, 5),
(160, 533, 6),
(160, 536, 1),
(161, 1, 9),
(161, 27, 6),
(161, 52, 10),
(161, 62, 2),
(161, 254, 8),
(161, 291, 7),
(161, 448, 7),
(161, 493, 5),
(162, 39, 7),
(162, 69, 1),
(162, 203, 9),
(162, 321, 7),
(162, 418, 3),
(162, 522, 1),
(163, 46, 7),
(163, 197, 8),
(163, 315, 2),
(163, 404, 3),
(163, 416, 7),
(163, 496, 5),
(164, 107, 3),
(164, 132, 3),
(164, 497, 4),
(165, 63, 2),
(165, 232, 4),
(165, 346, 10),
(166, 138, 1),
(166, 372, 9),
(166, 379, 6),
(166, 387, 5),
(166, 498, 10),
(166, 511, 9),
(166, 533, 6),
(166, 541, 3),
(167, 143, 8),
(167, 326, 8),
(167, 327, 1),
(167, 525, 1),
(168, 97, 6),
(168, 157, 8),
(168, 184, 2),
(168, 248, 8),
(168, 252, 2),
(168, 267, 10),
(168, 410, 10),
(168, 468, 7),
(169, 41, 2),
(169, 89, 3),
(169, 93, 8),
(169, 173, 3),
(170, 126, 6),
(170, 129, 1),
(170, 370, 5),
(170, 416, 4),
(171, 10, 10),
(171, 71, 3),
(171, 245, 10),
(171, 331, 8),
(171, 506, 5),
(172, 40, 6),
(172, 80, 2),
(172, 381, 4),
(172, 438, 5),
(172, 514, 7),
(173, 87, 7),
(173, 121, 6),
(173, 139, 6),
(173, 336, 1),
(173, 384, 2),
(173, 387, 6),
(174, 75, 9),
(174, 87, 4),
(174, 127, 9),
(174, 331, 10),
(174, 381, 10),
(175, 89, 6),
(175, 204, 10),
(175, 244, 9),
(175, 288, 10),
(175, 289, 8),
(175, 425, 5),
(175, 444, 4),
(175, 479, 10),
(175, 482, 5),
(175, 527, 1),
(176, 34, 2),
(176, 286, 4),
(177, 55, 10),
(177, 239, 8),
(177, 243, 7),
(177, 270, 5),
(177, 406, 9),
(178, 460, 4),
(179, 350, 10),
(180, 37, 3),
(180, 42, 10),
(180, 51, 5),
(180, 241, 8),
(181, 5, 7),
(181, 81, 4),
(181, 210, 10),
(181, 272, 5),
(182, 12, 7),
(182, 33, 4),
(182, 186, 4),
(182, 230, 10),
(182, 260, 1),
(183, 202, 5),
(183, 207, 10),
(183, 262, 5),
(183, 343, 1),
(183, 352, 5),
(183, 439, 8),
(184, 12, 3),
(184, 353, 1),
(184, 486, 6),
(185, 93, 5),
(185, 419, 8),
(186, 114, 10),
(186, 192, 8),
(186, 232, 3),
(187, 220, 4),
(188, 2, 4),
(188, 3, 2),
(188, 165, 10),
(188, 241, 5),
(188, 475, 6),
(188, 521, 4),
(189, 95, 2),
(189, 133, 10),
(189, 319, 5),
(189, 332, 1),
(189, 446, 8),
(189, 519, 3),
(190, 116, 10),
(190, 178, 6),
(190, 207, 3),
(190, 275, 9),
(190, 311, 5),
(190, 360, 1),
(191, 170, 3),
(191, 171, 3),
(191, 252, 2),
(191, 271, 10),
(191, 322, 6),
(191, 525, 3),
(192, 278, 3),
(192, 292, 7),
(192, 513, 7),
(193, 262, 3),
(193, 284, 10),
(193, 366, 2),
(193, 400, 3),
(193, 441, 9),
(194, 199, 6),
(194, 332, 3),
(194, 341, 6),
(194, 418, 9),
(194, 459, 3),
(195, 156, 2),
(195, 179, 9),
(195, 283, 7),
(195, 305, 6),
(195, 357, 3),
(196, 82, 7),
(196, 118, 4),
(196, 237, 2),
(196, 249, 4),
(196, 315, 7),
(197, 246, 1),
(197, 338, 7),
(197, 448, 8),
(198, 126, 6),
(198, 246, 4),
(198, 303, 5),
(198, 342, 9),
(199, 141, 3),
(199, 168, 8),
(199, 283, 3),
(200, 109, 1),
(200, 214, 1),
(201, 9, 6),
(201, 13, 5),
(201, 170, 2),
(201, 276, 7),
(201, 278, 8),
(201, 411, 3),
(201, 490, 2),
(202, 24, 6),
(202, 123, 9),
(202, 127, 5),
(202, 280, 5),
(202, 421, 9),
(202, 475, 6),
(203, 61, 1),
(203, 308, 4),
(203, 405, 9),
(204, 61, 9),
(204, 185, 2),
(204, 328, 10),
(204, 434, 4),
(204, 437, 4),
(205, 74, 9),
(205, 112, 10),
(205, 258, 8),
(205, 330, 6),
(205, 392, 8),
(205, 492, 6),
(206, 99, 4),
(206, 110, 4),
(206, 157, 1),
(206, 346, 1),
(206, 406, 9),
(206, 503, 2),
(206, 532, 9),
(207, 11, 2),
(207, 81, 1),
(207, 83, 9),
(207, 154, 7),
(207, 157, 7),
(207, 167, 3),
(207, 252, 4),
(207, 319, 6),
(208, 271, 2),
(208, 279, 10),
(209, 60, 1),
(209, 90, 10),
(209, 95, 5),
(209, 147, 4),
(209, 169, 4),
(209, 275, 3),
(209, 460, 1),
(209, 466, 3),
(210, 54, 8),
(210, 94, 9),
(210, 147, 7),
(210, 161, 6),
(210, 530, 6),
(210, 534, 9),
(211, 64, 7),
(211, 219, 9),
(211, 322, 2),
(211, 345, 1),
(211, 383, 2),
(212, 473, 5),
(213, 23, 5),
(213, 92, 6),
(213, 206, 4),
(213, 227, 2),
(213, 443, 5),
(213, 475, 10),
(214, 37, 3),
(214, 537, 6),
(215, 288, 7),
(215, 381, 4),
(215, 491, 8),
(215, 524, 2),
(216, 12, 1),
(216, 109, 1),
(216, 195, 9),
(216, 415, 4),
(216, 486, 5),
(217, 34, 9),
(217, 63, 2),
(217, 124, 1),
(217, 161, 2),
(217, 300, 10),
(217, 384, 7),
(217, 440, 9),
(217, 456, 3),
(217, 459, 2),
(217, 544, 6),
(218, 57, 9),
(218, 58, 1),
(218, 77, 10),
(218, 121, 10),
(218, 334, 6),
(218, 356, 8),
(218, 379, 8),
(218, 439, 9),
(218, 480, 5),
(219, 45, 9),
(219, 75, 3),
(219, 288, 4),
(219, 306, 1),
(219, 502, 2),
(220, 139, 6),
(220, 229, 4),
(220, 232, 3),
(220, 302, 6),
(220, 313, 7),
(220, 399, 10),
(221, 33, 7),
(221, 66, 1),
(221, 82, 6),
(221, 128, 8),
(221, 162, 1),
(221, 318, 5),
(221, 376, 3),
(222, 91, 3),
(222, 477, 3),
(222, 515, 4),
(223, 16, 7),
(223, 79, 4),
(223, 106, 2),
(223, 107, 4),
(223, 220, 10),
(223, 351, 10),
(223, 404, 9),
(223, 544, 7),
(224, 29, 3),
(224, 45, 5),
(224, 312, 8),
(224, 327, 8),
(224, 409, 2),
(225, 266, 1),
(225, 299, 1),
(225, 302, 7),
(225, 528, 4),
(226, 142, 4),
(226, 362, 10),
(226, 542, 7),
(227, 77, 7),
(228, 233, 10),
(228, 331, 1),
(228, 339, 4),
(228, 344, 9),
(228, 421, 7),
(228, 489, 10),
(228, 502, 8),
(229, 229, 9),
(230, 129, 3),
(230, 178, 9),
(230, 227, 2),
(230, 285, 10),
(230, 447, 4),
(231, 64, 9),
(231, 377, 10),
(232, 376, 7),
(233, 104, 2),
(233, 149, 10),
(233, 484, 5),
(234, 85, 3),
(234, 91, 1),
(234, 482, 7),
(234, 512, 1),
(235, 2, 2),
(235, 132, 1),
(235, 200, 4),
(235, 213, 10),
(235, 308, 8),
(235, 392, 6),
(235, 447, 4),
(236, 40, 3),
(236, 44, 8),
(236, 55, 6),
(236, 227, 5),
(236, 335, 4),
(237, 54, 10),
(237, 112, 1),
(237, 280, 5),
(237, 413, 6),
(238, 255, 6),
(239, 18, 1),
(239, 127, 6),
(239, 178, 9),
(239, 281, 10),
(240, 67, 9),
(240, 115, 1),
(240, 348, 3),
(240, 374, 8),
(240, 415, 1),
(240, 456, 3),
(241, 12, 4),
(241, 35, 8),
(241, 42, 6),
(241, 264, 7),
(241, 282, 2),
(241, 327, 7),
(241, 332, 4),
(241, 427, 5),
(241, 479, 3),
(241, 498, 10),
(242, 82, 1),
(242, 312, 5),
(242, 518, 6),
(243, 194, 1),
(243, 332, 4),
(243, 517, 8),
(244, 23, 2),
(244, 31, 3),
(244, 329, 2),
(244, 454, 9),
(245, 90, 3),
(245, 162, 5),
(245, 364, 6),
(245, 496, 1),
(246, 43, 2),
(246, 374, 4),
(246, 385, 6),
(247, 18, 7),
(247, 32, 8),
(247, 63, 4),
(247, 170, 4),
(247, 463, 7),
(248, 80, 6),
(248, 100, 9),
(248, 241, 2),
(248, 252, 6),
(248, 459, 3),
(248, 471, 9),
(249, 171, 2),
(250, 175, 9),
(251, 70, 6),
(251, 78, 3),
(251, 226, 4),
(251, 398, 9),
(251, 401, 5),
(251, 467, 1),
(252, 38, 4),
(252, 322, 9),
(252, 384, 6),
(253, 104, 7),
(253, 209, 2),
(254, 118, 8),
(254, 503, 6),
(255, 133, 6),
(255, 310, 3),
(255, 373, 5),
(255, 534, 1),
(256, 287, 1),
(256, 357, 10),
(256, 477, 3),
(256, 524, 3),
(257, 38, 3),
(257, 515, 8),
(258, 144, 1),
(258, 229, 7),
(258, 347, 2),
(258, 372, 7),
(259, 34, 7),
(259, 137, 1),
(259, 218, 5),
(259, 517, 6),
(260, 258, 1),
(260, 296, 6),
(260, 451, 7),
(260, 484, 6),
(260, 541, 10),
(261, 34, 1),
(261, 163, 6),
(261, 429, 2),
(261, 450, 6),
(262, 352, 3),
(263, 73, 5),
(263, 175, 4),
(263, 236, 4),
(263, 360, 5),
(263, 385, 8),
(263, 390, 2),
(263, 447, 3),
(263, 450, 7),
(263, 500, 9),
(264, 492, 7),
(265, 13, 7),
(265, 47, 2),
(265, 513, 3),
(266, 18, 1),
(266, 53, 7),
(266, 162, 2),
(266, 276, 8),
(266, 348, 8),
(267, 17, 10),
(267, 82, 1),
(267, 186, 2),
(267, 220, 5),
(267, 479, 5),
(268, 15, 1),
(268, 192, 10),
(268, 239, 6),
(268, 267, 7),
(268, 318, 7),
(268, 330, 5),
(268, 435, 2),
(268, 440, 6),
(268, 524, 7),
(269, 55, 5),
(269, 209, 10),
(269, 248, 7),
(269, 295, 3),
(269, 300, 1),
(269, 420, 8),
(270, 185, 9),
(270, 237, 2),
(271, 17, 8),
(271, 18, 9),
(271, 27, 4),
(271, 55, 8),
(271, 328, 8),
(271, 342, 10),
(272, 368, 6),
(273, 133, 1),
(274, 8, 2),
(274, 46, 8),
(274, 129, 6),
(274, 330, 2),
(275, 165, 4),
(275, 285, 3),
(275, 303, 4),
(275, 397, 5),
(276, 51, 5),
(276, 88, 2),
(276, 158, 7),
(276, 185, 8),
(276, 216, 6),
(276, 433, 8),
(276, 441, 5),
(276, 486, 6),
(276, 491, 9),
(277, 27, 4),
(277, 75, 10),
(277, 429, 9),
(277, 492, 5),
(278, 27, 2),
(278, 345, 7),
(278, 409, 7),
(278, 446, 2),
(278, 468, 2),
(279, 81, 10),
(279, 294, 4),
(280, 74, 2),
(280, 179, 2),
(281, 144, 2),
(281, 188, 8),
(281, 256, 2),
(281, 437, 7),
(281, 466, 1),
(282, 283, 5),
(282, 296, 2),
(282, 490, 7),
(282, 501, 2),
(283, 324, 2),
(283, 348, 7),
(283, 392, 1),
(283, 397, 6),
(283, 539, 4),
(284, 324, 7),
(284, 421, 3),
(285, 22, 10),
(285, 57, 1),
(285, 118, 5),
(285, 240, 7),
(285, 266, 10),
(285, 458, 1),
(285, 491, 3),
(286, 123, 8),
(286, 128, 4),
(286, 269, 7),
(286, 302, 5),
(286, 366, 2),
(286, 428, 10),
(287, 54, 3),
(287, 91, 10),
(287, 120, 6),
(287, 278, 2),
(287, 294, 5),
(287, 346, 4),
(287, 455, 1),
(288, 20, 5),
(288, 124, 9),
(288, 130, 2),
(288, 195, 5),
(288, 220, 5),
(288, 237, 9),
(288, 412, 5),
(289, 72, 8),
(289, 98, 1),
(289, 127, 2),
(289, 397, 1),
(289, 413, 6),
(289, 432, 4),
(290, 5, 9),
(290, 77, 6),
(291, 78, 8),
(291, 110, 7),
(291, 141, 8),
(291, 344, 1),
(292, 105, 5),
(292, 274, 3),
(292, 355, 4),
(292, 359, 3),
(292, 480, 6),
(292, 505, 1),
(293, 92, 10),
(293, 165, 3),
(293, 436, 2),
(294, 56, 8),
(294, 75, 8),
(294, 115, 6),
(294, 234, 6),
(294, 388, 7),
(294, 465, 5),
(295, 140, 1),
(295, 152, 5),
(295, 182, 2),
(295, 208, 2),
(295, 352, 1),
(295, 411, 8),
(295, 441, 5),
(295, 538, 4),
(296, 166, 2),
(296, 181, 4),
(296, 368, 6),
(296, 461, 3),
(296, 509, 3),
(297, 34, 3),
(297, 438, 6),
(297, 504, 10),
(298, 105, 10),
(298, 187, 9),
(298, 283, 1),
(298, 328, 2),
(298, 434, 10),
(299, 108, 7),
(299, 125, 5),
(299, 311, 1),
(299, 424, 4),
(300, 395, 3),
(300, 410, 7),
(300, 464, 3),
(301, 98, 1),
(301, 165, 6),
(301, 264, 8),
(301, 506, 6),
(302, 56, 3),
(302, 111, 4),
(302, 215, 5),
(302, 248, 6),
(302, 425, 3),
(302, 531, 6),
(303, 84, 7),
(303, 420, 10),
(304, 52, 7),
(304, 203, 4),
(304, 286, 2),
(304, 477, 4),
(304, 526, 1),
(305, 39, 2),
(305, 94, 1),
(305, 239, 7),
(305, 323, 8),
(306, 150, 2),
(306, 501, 5),
(306, 519, 2),
(307, 187, 8),
(307, 206, 7),
(307, 295, 7),
(307, 316, 6),
(307, 485, 3),
(308, 2, 8),
(308, 169, 2),
(309, 263, 8),
(310, 100, 5),
(310, 280, 10),
(310, 345, 5),
(310, 493, 9),
(311, 61, 9),
(311, 320, 3),
(311, 516, 6),
(312, 99, 8),
(312, 286, 3),
(312, 314, 5),
(313, 62, 4),
(313, 78, 6),
(313, 144, 3),
(313, 173, 6),
(313, 361, 6),
(313, 390, 1),
(313, 407, 5),
(313, 470, 9),
(314, 313, 10),
(314, 360, 2),
(315, 37, 2),
(315, 288, 8),
(315, 293, 8),
(315, 419, 1),
(315, 521, 7),
(315, 537, 2),
(316, 94, 9),
(316, 147, 10),
(316, 176, 3),
(316, 213, 5),
(316, 230, 2),
(316, 247, 4),
(316, 449, 5),
(316, 472, 8),
(317, 65, 1),
(317, 186, 2),
(317, 243, 3),
(317, 258, 5),
(317, 365, 6),
(317, 422, 7),
(317, 432, 7),
(318, 14, 4),
(318, 51, 10),
(318, 288, 8),
(318, 420, 10),
(318, 437, 2),
(318, 442, 3),
(318, 504, 8),
(319, 141, 1),
(319, 144, 6),
(319, 192, 4),
(319, 205, 2),
(319, 447, 2),
(319, 531, 4),
(319, 545, 3),
(319, 546, 3),
(320, 159, 10),
(320, 416, 3),
(320, 449, 8),
(321, 31, 8),
(321, 199, 7),
(321, 354, 2),
(321, 449, 9),
(322, 9, 5),
(322, 516, 1),
(323, 7, 4),
(323, 502, 5),
(324, 121, 3),
(324, 122, 5),
(324, 316, 10),
(324, 324, 5),
(324, 379, 2),
(324, 384, 2),
(324, 501, 9),
(325, 76, 10),
(325, 341, 7),
(325, 471, 10),
(326, 259, 10),
(326, 327, 9),
(326, 478, 6),
(327, 68, 3),
(327, 128, 9),
(327, 348, 1),
(328, 282, 2),
(328, 477, 1),
(329, 145, 5),
(329, 152, 10),
(329, 490, 9),
(329, 539, 10),
(330, 16, 8),
(330, 170, 3),
(331, 134, 9),
(331, 268, 7),
(331, 438, 7),
(331, 468, 8),
(332, 126, 4),
(332, 134, 8),
(332, 400, 8),
(332, 452, 1),
(333, 44, 9),
(333, 89, 7),
(333, 167, 2),
(333, 346, 2),
(333, 402, 10),
(333, 421, 1),
(333, 542, 8),
(334, 4, 5),
(334, 68, 10),
(334, 152, 7),
(334, 213, 6),
(334, 312, 7),
(334, 493, 2),
(334, 533, 8),
(335, 140, 8),
(335, 192, 1),
(336, 62, 4),
(336, 221, 9),
(336, 272, 3),
(336, 305, 5),
(337, 1, 4),
(337, 160, 9),
(337, 162, 5),
(337, 221, 9),
(337, 316, 6),
(337, 434, 3),
(338, 138, 9),
(338, 449, 2),
(339, 101, 2),
(339, 378, 10),
(340, 43, 3),
(340, 339, 10),
(340, 391, 5),
(341, 113, 8),
(341, 204, 5),
(341, 319, 7),
(341, 404, 8),
(341, 532, 10),
(342, 464, 2),
(343, 35, 6),
(343, 67, 6),
(343, 177, 7),
(343, 433, 5),
(344, 91, 8),
(344, 119, 6),
(344, 137, 10),
(344, 183, 2),
(344, 479, 5),
(345, 53, 10),
(345, 82, 6),
(345, 273, 3),
(346, 134, 5),
(346, 135, 3),
(346, 194, 7),
(346, 195, 5),
(346, 416, 10),
(347, 13, 2),
(347, 46, 1),
(347, 94, 3),
(347, 110, 8),
(347, 151, 8),
(347, 213, 9),
(348, 215, 1),
(348, 253, 9),
(349, 17, 6),
(349, 52, 9),
(349, 93, 5),
(349, 107, 4),
(349, 108, 9),
(349, 150, 5),
(349, 267, 5),
(349, 306, 4),
(349, 457, 8),
(350, 43, 7),
(350, 47, 8),
(350, 158, 1),
(350, 198, 9),
(350, 240, 7),
(350, 335, 9),
(350, 404, 6),
(351, 49, 2),
(351, 202, 1),
(351, 336, 8),
(351, 379, 6),
(352, 151, 7),
(352, 208, 4),
(352, 281, 10),
(352, 355, 5),
(352, 431, 8),
(352, 533, 5),
(353, 69, 1),
(353, 242, 2),
(353, 248, 7),
(353, 307, 7),
(353, 323, 3),
(353, 362, 5),
(353, 367, 5),
(353, 438, 10),
(354, 155, 6),
(354, 175, 3),
(354, 209, 3),
(354, 361, 10),
(355, 349, 1),
(356, 163, 2),
(356, 191, 3),
(356, 225, 8),
(356, 264, 4),
(357, 63, 5),
(357, 146, 5),
(357, 299, 9),
(357, 315, 6),
(358, 14, 1),
(358, 195, 2),
(358, 367, 3),
(358, 440, 9),
(358, 489, 1),
(358, 506, 9),
(359, 164, 6),
(359, 312, 2),
(359, 417, 1),
(359, 426, 3),
(360, 201, 5),
(360, 341, 3),
(360, 382, 3),
(360, 405, 8),
(360, 483, 8),
(361, 242, 3),
(361, 310, 2),
(361, 354, 5),
(361, 515, 6),
(362, 23, 10),
(362, 136, 1),
(362, 302, 5),
(362, 310, 1),
(363, 10, 3),
(363, 194, 4),
(364, 38, 4),
(365, 347, 4),
(365, 534, 6),
(366, 182, 9),
(366, 525, 2),
(367, 19, 10),
(367, 32, 4),
(367, 47, 7),
(367, 99, 6),
(367, 102, 5),
(367, 103, 5),
(367, 146, 10),
(367, 278, 5),
(367, 437, 10),
(367, 479, 5),
(368, 231, 4),
(368, 294, 4),
(368, 393, 4),
(368, 406, 8),
(368, 439, 4),
(368, 441, 7),
(369, 17, 5),
(369, 296, 2),
(369, 368, 1),
(369, 507, 9),
(370, 185, 4),
(370, 276, 7),
(371, 179, 3),
(371, 298, 5),
(371, 317, 3),
(371, 540, 4),
(372, 349, 8),
(372, 354, 4),
(372, 355, 4),
(372, 485, 2),
(372, 513, 6),
(373, 58, 2),
(373, 263, 4),
(373, 505, 9),
(374, 52, 1),
(374, 466, 2),
(375, 495, 5),
(376, 517, 6),
(376, 525, 9),
(376, 539, 7),
(377, 139, 1),
(377, 276, 7),
(378, 105, 4),
(378, 266, 2),
(378, 423, 6),
(379, 208, 7),
(379, 261, 5),
(379, 335, 4),
(379, 336, 5),
(379, 389, 5),
(379, 430, 5),
(379, 500, 2),
(379, 506, 8),
(380, 129, 2),
(380, 147, 4),
(380, 242, 6),
(380, 275, 2),
(381, 65, 9),
(381, 116, 10),
(381, 269, 3),
(381, 316, 9),
(381, 541, 1),
(382, 198, 4),
(383, 117, 9),
(383, 147, 7),
(383, 230, 10),
(383, 345, 10),
(383, 414, 8),
(383, 450, 7),
(384, 49, 5),
(384, 159, 10),
(384, 371, 3),
(384, 425, 4),
(385, 60, 6),
(385, 200, 8),
(385, 306, 7),
(385, 376, 1),
(386, 76, 10),
(386, 127, 7),
(386, 144, 3),
(386, 190, 8),
(386, 293, 5),
(386, 429, 9);

-- --------------------------------------------------------

--
-- Estrutura para tabela `venda`
--
DROP TABLE IF EXISTS `venda`;
CREATE TABLE `venda` (
  `id_venda` int(11) NOT NULL,
  `data_venda` date NOT NULL,
  `forma_pagto` varchar(50) NOT NULL,
  `id_cliente` int(11) NOT NULL
) ENGINE=InnoDB DEFAULT CHARSET=utf8mb4 COLLATE=utf8mb4_general_ci;

--
-- Despejando dados para a tabela `venda`
--

INSERT INTO `venda` (`id_venda`, `data_venda`, `forma_pagto`, `id_cliente`) VALUES
(1, '2020-02-12', 'Cartão de Crédito', 1),
(2, '2018-06-30', 'Boleto Bancário', 1),
(3, '2014-06-12', 'Cartão de Crédito', 1),
(4, '2015-08-15', 'Carteira digital', 1),
(5, '2016-04-27', 'Carteira digital', 1),
(6, '2021-05-02', 'Boleto Bancário', 1),
(7, '2021-08-16', 'Boleto Bancário', 1),
(8, '2024-03-03', 'Boleto Bancário', 1),
(9, '2024-04-19', 'Carteira digital', 1),
(10, '2014-06-21', 'Boleto Bancário', 2),
(11, '2015-04-08', 'Boleto Bancário', 2),
(12, '2022-05-02', 'Carteira digital', 2),
(13, '2025-05-24', 'Carteira digital', 2),
(14, '2017-02-08', 'Boleto Bancário', 2),
(15, '2025-06-19', 'Carteira digital', 2),
(16, '2018-01-26', 'Boleto Bancário', 2),
(17, '2025-08-09', 'Boleto Bancário', 2),
(18, '2021-03-15', 'Carteira digital', 2),
(19, '2021-10-11', 'Carteira digital', 2),
(20, '2019-04-09', 'Cartão de Crédito', 2),
(21, '2018-11-10', 'Boleto Bancário', 2),
(22, '2017-10-13', 'Carteira digital', 2),
(23, '2025-08-12', 'Carteira digital', 2),
(24, '2020-02-06', 'Cartão de Crédito', 2),
(25, '2021-03-27', 'Boleto Bancário', 2),
(26, '2015-04-09', 'Cartão de Crédito', 2),
(27, '2023-09-23', 'Cartão de Crédito', 2),
(28, '2014-10-12', 'Carteira digital', 2),
(29, '2024-03-02', 'Carteira digital', 2),
(30, '2023-10-04', 'Boleto Bancário', 2),
(31, '2022-12-08', 'Cartão de Crédito', 3),
(32, '2016-06-02', 'Carteira digital', 3),
(33, '2018-07-21', 'Boleto Bancário', 3),
(34, '2014-01-31', 'Boleto Bancário', 3),
(35, '2014-01-25', 'Carteira digital', 3),
(36, '2024-02-08', 'Boleto Bancário', 4),
(37, '2022-11-18', 'Cartão de Crédito', 4),
(38, '2019-06-13', 'Cartão de Crédito', 4),
(39, '2015-04-09', 'Boleto Bancário', 4),
(40, '2019-01-28', 'Boleto Bancário', 4),
(41, '2016-06-02', 'Boleto Bancário', 4),
(42, '2022-07-29', 'Boleto Bancário', 4),
(43, '2017-05-25', 'Cartão de Crédito', 4),
(44, '2023-06-17', 'Boleto Bancário', 4),
(45, '2014-05-14', 'Boleto Bancário', 4),
(46, '2019-12-21', 'Cartão de Crédito', 4),
(47, '2018-07-05', 'Cartão de Crédito', 4),
(48, '2016-09-17', 'Cartão de Crédito', 4),
(49, '2020-06-22', 'Cartão de Crédito', 4),
(50, '2014-04-04', 'Carteira digital', 4),
(51, '2023-09-07', 'Carteira digital', 4),
(52, '2021-04-22', 'Boleto Bancário', 4),
(53, '2016-07-21', 'Cartão de Crédito', 4),
(54, '2019-07-23', 'Boleto Bancário', 4),
(55, '2015-05-21', 'Boleto Bancário', 4),
(56, '2015-07-12', 'Boleto Bancário', 4),
(57, '2015-11-17', 'Boleto Bancário', 5),
(58, '2020-10-30', 'Boleto Bancário', 5),
(59, '2025-04-20', 'Carteira digital', 5),
(60, '2019-06-25', 'Boleto Bancário', 5),
(61, '2023-03-28', 'Carteira digital', 5),
(62, '2018-01-22', 'Cartão de Crédito', 5),
(63, '2014-05-03', 'Carteira digital', 5),
(64, '2025-07-03', 'Cartão de Crédito', 5),
(65, '2023-09-23', 'Carteira digital', 5),
(66, '2018-09-07', 'Cartão de Crédito', 5),
(67, '2017-02-07', 'Cartão de Crédito', 5),
(68, '2021-05-24', 'Carteira digital', 5),
(69, '2022-06-21', 'Carteira digital', 5),
(70, '2014-05-23', 'Carteira digital', 5),
(71, '2018-12-13', 'Boleto Bancário', 5),
(72, '2015-02-19', 'Cartão de Crédito', 5),
(73, '2022-08-12', 'Cartão de Crédito', 5),
(74, '2020-06-01', 'Carteira digital', 5),
(75, '2014-07-23', 'Carteira digital', 5),
(76, '2023-01-23', 'Cartão de Crédito', 5),
(77, '2022-12-22', 'Boleto Bancário', 5),
(78, '2015-08-10', 'Boleto Bancário', 6),
(79, '2020-09-30', 'Boleto Bancário', 6),
(80, '2022-03-29', 'Boleto Bancário', 6),
(81, '2020-07-03', 'Cartão de Crédito', 6),
(82, '2016-10-09', 'Cartão de Crédito', 7),
(83, '2025-07-22', 'Boleto Bancário', 7),
(84, '2023-10-04', 'Carteira digital', 7),
(85, '2017-10-07', 'Carteira digital', 7),
(86, '2014-09-06', 'Carteira digital', 7),
(87, '2014-04-23', 'Boleto Bancário', 7),
(88, '2015-04-22', 'Carteira digital', 7),
(89, '2023-12-04', 'Cartão de Crédito', 7),
(90, '2016-02-20', 'Cartão de Crédito', 7),
(91, '2016-11-01', 'Carteira digital', 7),
(92, '2017-12-04', 'Boleto Bancário', 7),
(93, '2014-05-23', 'Cartão de Crédito', 7),
(94, '2017-01-04', 'Cartão de Crédito', 7),
(95, '2019-11-21', 'Carteira digital', 7),
(96, '2021-12-10', 'Cartão de Crédito', 7),
(97, '2021-09-30', 'Carteira digital', 7),
(98, '2017-05-01', 'Carteira digital', 7),
(99, '2020-01-19', 'Boleto Bancário', 7),
(100, '2017-10-13', 'Cartão de Crédito', 7),
(101, '2024-11-05', 'Boleto Bancário', 8),
(102, '2014-11-16', 'Carteira digital', 8),
(103, '2024-07-13', 'Cartão de Crédito', 8),
(104, '2019-09-07', 'Boleto Bancário', 8),
(105, '2021-10-24', 'Cartão de Crédito', 8),
(106, '2023-09-14', 'Cartão de Crédito', 8),
(107, '2020-03-18', 'Carteira digital', 8),
(108, '2014-02-17', 'Carteira digital', 9),
(109, '2023-01-11', 'Carteira digital', 9),
(110, '2019-12-20', 'Cartão de Crédito', 9),
(111, '2015-01-14', 'Boleto Bancário', 9),
(112, '2017-08-07', 'Carteira digital', 9),
(113, '2019-07-22', 'Boleto Bancário', 9),
(114, '2021-02-15', 'Boleto Bancário', 9),
(115, '2015-09-13', 'Cartão de Crédito', 9),
(116, '2017-02-24', 'Boleto Bancário', 9),
(117, '2016-06-09', 'Cartão de Crédito', 9),
(118, '2018-01-19', 'Carteira digital', 9),
(119, '2022-02-03', 'Boleto Bancário', 10),
(120, '2015-07-06', 'Carteira digital', 10),
(121, '2014-04-25', 'Boleto Bancário', 10),
(122, '2018-05-08', 'Carteira digital', 10),
(123, '2015-10-31', 'Carteira digital', 10),
(124, '2015-10-03', 'Boleto Bancário', 10),
(125, '2016-05-18', 'Cartão de Crédito', 10),
(126, '2018-03-18', 'Carteira digital', 10),
(127, '2024-11-05', 'Cartão de Crédito', 10),
(128, '2020-06-30', 'Carteira digital', 10),
(129, '2014-01-17', 'Carteira digital', 10),
(130, '2020-12-31', 'Cartão de Crédito', 10),
(131, '2024-07-09', 'Carteira digital', 11),
(132, '2019-06-22', 'Carteira digital', 11),
(133, '2018-08-04', 'Cartão de Crédito', 11),
(134, '2014-08-22', 'Boleto Bancário', 11),
(135, '2022-10-27', 'Carteira digital', 11),
(136, '2023-12-16', 'Cartão de Crédito', 11),
(137, '2017-11-20', 'Cartão de Crédito', 11),
(138, '2020-09-27', 'Carteira digital', 11),
(139, '2023-10-04', 'Boleto Bancário', 11),
(140, '2017-08-07', 'Cartão de Crédito', 11),
(141, '2016-09-21', 'Cartão de Crédito', 11),
(142, '2021-03-11', 'Carteira digital', 11),
(143, '2022-07-31', 'Cartão de Crédito', 11),
(144, '2020-09-26', 'Cartão de Crédito', 11),
(145, '2017-01-05', 'Boleto Bancário', 11),
(146, '2025-05-28', 'Cartão de Crédito', 11),
(147, '2020-10-18', 'Boleto Bancário', 11),
(148, '2015-02-22', 'Carteira digital', 11),
(149, '2015-01-29', 'Cartão de Crédito', 11),
(150, '2022-04-26', 'Cartão de Crédito', 12),
(151, '2015-07-23', 'Boleto Bancário', 13),
(152, '2015-11-20', 'Carteira digital', 13),
(153, '2020-08-04', 'Boleto Bancário', 13),
(154, '2017-11-28', 'Cartão de Crédito', 13),
(155, '2018-10-31', 'Boleto Bancário', 13),
(156, '2014-05-31', 'Carteira digital', 13),
(157, '2016-03-23', 'Carteira digital', 13),
(158, '2017-11-15', 'Cartão de Crédito', 13),
(159, '2015-09-22', 'Cartão de Crédito', 13),
(160, '2017-09-09', 'Carteira digital', 13),
(161, '2017-01-20', 'Boleto Bancário', 13),
(162, '2021-12-04', 'Carteira digital', 13),
(163, '2020-04-10', 'Carteira digital', 13),
(164, '2017-09-16', 'Boleto Bancário', 13),
(165, '2024-05-09', 'Boleto Bancário', 13),
(166, '2015-05-17', 'Cartão de Crédito', 14),
(167, '2023-07-27', 'Carteira digital', 14),
(168, '2022-03-26', 'Boleto Bancário', 14),
(169, '2014-12-04', 'Cartão de Crédito', 14),
(170, '2016-11-05', 'Carteira digital', 14),
(171, '2016-02-05', 'Carteira digital', 14),
(172, '2019-07-31', 'Cartão de Crédito', 14),
(173, '2023-11-04', 'Boleto Bancário', 14),
(174, '2017-11-30', 'Carteira digital', 14),
(175, '2017-09-10', 'Boleto Bancário', 14),
(176, '2021-08-15', 'Cartão de Crédito', 14),
(177, '2023-07-24', 'Cartão de Crédito', 14),
(178, '2025-08-17', 'Boleto Bancário', 14),
(179, '2023-07-09', 'Cartão de Crédito', 14),
(180, '2019-10-06', 'Carteira digital', 14),
(181, '2016-12-25', 'Boleto Bancário', 14),
(182, '2021-08-08', 'Boleto Bancário', 14),
(183, '2015-01-24', 'Cartão de Crédito', 14),
(184, '2022-07-08', 'Carteira digital', 14),
(185, '2016-05-31', 'Carteira digital', 14),
(186, '2021-09-25', 'Cartão de Crédito', 14),
(187, '2015-06-17', 'Carteira digital', 15),
(188, '2024-11-30', 'Cartão de Crédito', 16),
(189, '2025-05-08', 'Cartão de Crédito', 16),
(190, '2014-11-28', 'Boleto Bancário', 16),
(191, '2018-11-11', 'Carteira digital', 16),
(192, '2023-09-27', 'Boleto Bancário', 16),
(193, '2018-03-27', 'Carteira digital', 16),
(194, '2017-09-11', 'Cartão de Crédito', 16),
(195, '2017-03-03', 'Cartão de Crédito', 16),
(196, '2019-02-14', 'Carteira digital', 16),
(197, '2016-03-10', 'Carteira digital', 16),
(198, '2021-04-02', 'Cartão de Crédito', 16),
(199, '2024-01-23', 'Boleto Bancário', 16),
(200, '2016-01-06', 'Carteira digital', 16),
(201, '2022-05-03', 'Carteira digital', 16),
(202, '2024-11-08', 'Carteira digital', 16),
(203, '2014-08-29', 'Boleto Bancário', 16),
(204, '2021-03-23', 'Carteira digital', 16),
(205, '2015-02-19', 'Cartão de Crédito', 16),
(206, '2014-06-18', 'Boleto Bancário', 16),
(207, '2022-02-09', 'Carteira digital', 17),
(208, '2015-02-14', 'Boleto Bancário', 17),
(209, '2022-03-09', 'Boleto Bancário', 17),
(210, '2023-05-01', 'Cartão de Crédito', 17),
(211, '2018-05-18', 'Boleto Bancário', 17),
(212, '2016-02-08', 'Cartão de Crédito', 17),
(213, '2019-01-15', 'Cartão de Crédito', 17),
(214, '2015-10-14', 'Carteira digital', 17),
(215, '2020-04-22', 'Cartão de Crédito', 17),
(216, '2020-05-06', 'Cartão de Crédito', 17),
(217, '2014-11-29', 'Cartão de Crédito', 17),
(218, '2016-07-05', 'Carteira digital', 17),
(219, '2023-07-28', 'Carteira digital', 17),
(220, '2017-09-17', 'Cartão de Crédito', 17),
(221, '2020-09-21', 'Boleto Bancário', 17),
(222, '2015-11-11', 'Boleto Bancário', 18),
(223, '2016-05-11', 'Boleto Bancário', 18),
(224, '2015-09-24', 'Cartão de Crédito', 18),
(225, '2020-03-27', 'Boleto Bancário', 18),
(226, '2019-03-22', 'Cartão de Crédito', 18),
(227, '2025-07-22', 'Boleto Bancário', 18),
(228, '2015-09-03', 'Cartão de Crédito', 18),
(229, '2024-01-18', 'Carteira digital', 18),
(230, '2022-05-24', 'Carteira digital', 18),
(231, '2016-10-30', 'Boleto Bancário', 19),
(232, '2015-03-31', 'Cartão de Crédito', 19),
(233, '2017-05-18', 'Cartão de Crédito', 19),
(234, '2019-08-31', 'Boleto Bancário', 19),
(235, '2021-02-23', 'Carteira digital', 19),
(236, '2018-05-17', 'Boleto Bancário', 19),
(237, '2014-09-04', 'Boleto Bancário', 19),
(238, '2024-06-20', 'Cartão de Crédito', 19),
(239, '2022-11-08', 'Cartão de Crédito', 20),
(240, '2024-11-04', 'Boleto Bancário', 20),
(241, '2016-01-05', 'Carteira digital', 20),
(242, '2019-08-29', 'Boleto Bancário', 20),
(243, '2020-06-22', 'Cartão de Crédito', 20),
(244, '2023-07-05', 'Boleto Bancário', 20),
(245, '2019-04-26', 'Cartão de Crédito', 20),
(246, '2015-04-12', 'Cartão de Crédito', 20),
(247, '2022-08-08', 'Carteira digital', 20),
(248, '2018-08-20', 'Cartão de Crédito', 20),
(249, '2025-04-22', 'Boleto Bancário', 20),
(250, '2015-07-19', 'Cartão de Crédito', 20),
(251, '2019-10-13', 'Carteira digital', 20),
(252, '2021-05-19', 'Carteira digital', 20),
(253, '2022-10-30', 'Cartão de Crédito', 20),
(254, '2023-07-14', 'Cartão de Crédito', 20),
(255, '2015-04-15', 'Boleto Bancário', 20),
(256, '2025-06-21', 'Cartão de Crédito', 20),
(257, '2014-07-23', 'Cartão de Crédito', 21),
(258, '2016-04-20', 'Cartão de Crédito', 21),
(259, '2022-09-14', 'Boleto Bancário', 21),
(260, '2015-09-27', 'Boleto Bancário', 21),
(261, '2023-06-22', 'Carteira digital', 21),
(262, '2019-09-08', 'Boleto Bancário', 21),
(263, '2023-02-21', 'Carteira digital', 21),
(264, '2020-09-15', 'Boleto Bancário', 22),
(265, '2020-09-05', 'Carteira digital', 22),
(266, '2016-08-10', 'Cartão de Crédito', 22),
(267, '2016-11-16', 'Carteira digital', 22),
(268, '2018-01-15', 'Cartão de Crédito', 22),
(269, '2021-08-22', 'Cartão de Crédito', 22),
(270, '2015-09-02', 'Cartão de Crédito', 22),
(271, '2023-08-01', 'Cartão de Crédito', 22),
(272, '2022-12-15', 'Carteira digital', 22),
(273, '2024-01-10', 'Cartão de Crédito', 22),
(274, '2020-03-26', 'Cartão de Crédito', 22),
(275, '2021-07-03', 'Carteira digital', 22),
(276, '2014-07-26', 'Carteira digital', 22),
(277, '2014-06-06', 'Carteira digital', 22),
(278, '2020-04-05', 'Boleto Bancário', 22),
(279, '2021-11-18', 'Carteira digital', 22),
(280, '2016-01-20', 'Carteira digital', 22),
(281, '2014-01-21', 'Boleto Bancário', 22),
(282, '2021-08-23', 'Carteira digital', 22),
(283, '2017-11-16', 'Carteira digital', 22),
(284, '2023-12-02', 'Carteira digital', 22),
(285, '2025-02-13', 'Boleto Bancário', 23),
(286, '2016-09-28', 'Boleto Bancário', 23),
(287, '2024-01-19', 'Carteira digital', 23),
(288, '2024-12-28', 'Cartão de Crédito', 23),
(289, '2018-07-03', 'Boleto Bancário', 23),
(290, '2020-12-15', 'Carteira digital', 23),
(291, '2023-01-29', 'Cartão de Crédito', 23),
(292, '2014-11-14', 'Cartão de Crédito', 23),
(293, '2016-01-20', 'Cartão de Crédito', 23),
(294, '2019-12-21', 'Carteira digital', 23),
(295, '2014-02-23', 'Cartão de Crédito', 23),
(296, '2022-07-03', 'Boleto Bancário', 23),
(297, '2022-09-19', 'Boleto Bancário', 23),
(298, '2020-05-27', 'Cartão de Crédito', 23),
(299, '2016-11-24', 'Carteira digital', 24),
(300, '2015-06-11', 'Cartão de Crédito', 24),
(301, '2024-04-15', 'Boleto Bancário', 24),
(302, '2018-06-07', 'Carteira digital', 24),
(303, '2018-09-24', 'Carteira digital', 24),
(304, '2014-11-27', 'Cartão de Crédito', 24),
(305, '2019-02-12', 'Cartão de Crédito', 24),
(306, '2021-04-14', 'Carteira digital', 24),
(307, '2018-11-14', 'Boleto Bancário', 24),
(308, '2022-08-16', 'Cartão de Crédito', 24),
(309, '2022-07-23', 'Boleto Bancário', 24),
(310, '2015-09-05', 'Carteira digital', 24),
(311, '2023-01-03', 'Boleto Bancário', 24),
(312, '2018-08-21', 'Boleto Bancário', 24),
(313, '2020-01-24', 'Boleto Bancário', 24),
(314, '2015-10-22', 'Carteira digital', 24),
(315, '2022-01-09', 'Boleto Bancário', 24),
(316, '2015-09-08', 'Carteira digital', 24),
(317, '2024-01-26', 'Carteira digital', 24),
(318, '2019-07-22', 'Cartão de Crédito', 24),
(319, '2019-07-22', 'Carteira digital', 24),
(320, '2023-06-28', 'Carteira digital', 24),
(321, '2016-02-15', 'Carteira digital', 24),
(322, '2020-08-21', 'Cartão de Crédito', 24),
(323, '2018-06-07', 'Carteira digital', 24),
(324, '2022-05-06', 'Cartão de Crédito', 24),
(325, '2019-07-15', 'Boleto Bancário', 24),
(326, '2016-04-14', 'Cartão de Crédito', 24),
(327, '2021-05-15', 'Boleto Bancário', 24),
(328, '2022-05-08', 'Cartão de Crédito', 24),
(329, '2024-05-31', 'Boleto Bancário', 24),
(330, '2020-03-01', 'Carteira digital', 24),
(331, '2023-08-27', 'Cartão de Crédito', 24),
(332, '2018-03-19', 'Boleto Bancário', 24),
(333, '2019-06-17', 'Cartão de Crédito', 24),
(334, '2018-07-21', 'Boleto Bancário', 25),
(335, '2017-02-02', 'Boleto Bancário', 25),
(336, '2015-06-27', 'Boleto Bancário', 25),
(337, '2014-10-29', 'Boleto Bancário', 25),
(338, '2024-11-19', 'Cartão de Crédito', 25),
(339, '2015-07-13', 'Carteira digital', 25),
(340, '2014-07-17', 'Carteira digital', 25),
(341, '2014-05-20', 'Boleto Bancário', 25),
(342, '2018-12-13', 'Cartão de Crédito', 25),
(343, '2025-06-09', 'Cartão de Crédito', 25),
(344, '2022-10-05', 'Cartão de Crédito', 25),
(345, '2023-02-16', 'Carteira digital', 25),
(346, '2023-03-14', 'Boleto Bancário', 25),
(347, '2021-12-01', 'Boleto Bancário', 26),
(348, '2016-03-23', 'Cartão de Crédito', 26),
(349, '2015-05-12', 'Cartão de Crédito', 26),
(350, '2020-03-08', 'Carteira digital', 26),
(351, '2019-08-23', 'Cartão de Crédito', 26),
(352, '2021-01-27', 'Cartão de Crédito', 26),
(353, '2014-06-02', 'Carteira digital', 26),
(354, '2019-12-07', 'Cartão de Crédito', 26),
(355, '2018-04-16', 'Cartão de Crédito', 26),
(356, '2015-02-10', 'Boleto Bancário', 26),
(357, '2014-01-18', 'Carteira digital', 26),
(358, '2019-11-25', 'Cartão de Crédito', 26),
(359, '2015-10-09', 'Cartão de Crédito', 26),
(360, '2023-01-27', 'Cartão de Crédito', 26),
(361, '2014-01-08', 'Cartão de Crédito', 26),
(362, '2020-08-09', 'Cartão de Crédito', 26),
(363, '2015-05-03', 'Cartão de Crédito', 26),
(364, '2015-09-04', 'Cartão de Crédito', 26),
(365, '2024-05-29', 'Cartão de Crédito', 26),
(366, '2015-08-19', 'Boleto Bancário', 26),
(367, '2014-10-10', 'Cartão de Crédito', 26),
(368, '2024-01-20', 'Carteira digital', 26),
(369, '2021-07-01', 'Boleto Bancário', 26),
(370, '2025-02-14', 'Carteira digital', 26),
(371, '2014-01-31', 'Boleto Bancário', 26),
(372, '2017-03-10', 'Cartão de Crédito', 26),
(373, '2017-02-01', 'Cartão de Crédito', 26),
(374, '2014-12-14', 'Carteira digital', 26),
(375, '2020-02-25', 'Carteira digital', 26),
(376, '2016-02-03', 'Carteira digital', 26),
(377, '2015-10-25', 'Boleto Bancário', 26),
(378, '2018-01-01', 'Carteira digital', 26),
(379, '2016-06-03', 'Cartão de Crédito', 26),
(380, '2020-01-03', 'Carteira digital', 26),
(381, '2014-03-21', 'Boleto Bancário', 26),
(382, '2023-12-12', 'Carteira digital', 26),
(383, '2022-11-10', 'Boleto Bancário', 26),
(384, '2019-03-14', 'Carteira digital', 26),
(385, '2018-08-15', 'Boleto Bancário', 26),
(386, '2015-05-26', 'Cartão de Crédito', 26),
(387, '2016-02-18', 'Cartão de Crédito', 26),
(388, '2020-10-13', 'Cartão de Crédito', 26),
(389, '2014-12-06', 'Cartão de Crédito', 26),
(390, '2016-08-23', 'Carteira digital', 26),
(391, '2017-04-06', 'Carteira digital', 26),
(392, '2019-10-03', 'Boleto Bancário', 26),
(393, '2018-05-21', 'Cartão de Crédito', 26),
(394, '2024-08-12', 'Boleto Bancário', 26),
(395, '2019-07-03', 'Cartão de Crédito', 26),
(396, '2021-04-24', 'Cartão de Crédito', 26),
(397, '2024-10-15', 'Cartão de Crédito', 26),
(398, '2024-01-28', 'Boleto Bancário', 26),
(399, '2024-07-01', 'Carteira digital', 27),
(400, '2022-10-14', 'Carteira digital', 27),
(401, '2023-02-21', 'Carteira digital', 27),
(402, '2023-04-07', 'Boleto Bancário', 27),
(403, '2022-11-27', 'Carteira digital', 27),
(404, '2025-02-20', 'Cartão de Crédito', 27),
(405, '2024-11-10', 'Carteira digital', 27),
(406, '2021-06-15', 'Cartão de Crédito', 27),
(407, '2015-01-30', 'Cartão de Crédito', 27),
(408, '2014-03-09', 'Cartão de Crédito', 27),
(409, '2015-06-13', 'Boleto Bancário', 27),
(410, '2019-09-26', 'Cartão de Crédito', 27),
(411, '2019-03-22', 'Cartão de Crédito', 27),
(412, '2020-08-15', 'Boleto Bancário', 27),
(413, '2022-07-28', 'Carteira digital', 27),
(414, '2025-04-25', 'Cartão de Crédito', 27),
(415, '2016-06-04', 'Boleto Bancário', 27),
(416, '2022-08-29', 'Boleto Bancário', 27),
(417, '2019-02-01', 'Boleto Bancário', 27),
(418, '2016-11-10', 'Boleto Bancário', 27),
(419, '2018-09-02', 'Cartão de Crédito', 27),
(420, '2016-03-19', 'Boleto Bancário', 28),
(421, '2024-09-04', 'Cartão de Crédito', 28),
(422, '2018-10-15', 'Cartão de Crédito', 28),
(423, '2022-07-03', 'Boleto Bancário', 28),
(424, '2022-08-24', 'Cartão de Crédito', 28),
(425, '2021-02-21', 'Boleto Bancário', 28),
(426, '2014-07-16', 'Cartão de Crédito', 28),
(427, '2019-03-25', 'Carteira digital', 28),
(428, '2015-01-06', 'Cartão de Crédito', 28),
(429, '2023-05-20', 'Cartão de Crédito', 28),
(430, '2019-03-21', 'Carteira digital', 28),
(431, '2020-08-30', 'Cartão de Crédito', 28),
(432, '2014-07-15', 'Boleto Bancário', 28),
(433, '2025-01-24', 'Carteira digital', 28),
(434, '2021-08-03', 'Carteira digital', 28),
(435, '2019-02-21', 'Cartão de Crédito', 28),
(436, '2019-02-14', 'Carteira digital', 28),
(437, '2025-02-11', 'Boleto Bancário', 28),
(438, '2021-12-28', 'Cartão de Crédito', 28),
(439, '2024-09-12', 'Carteira digital', 28),
(440, '2014-10-04', 'Carteira digital', 28),
(441, '2021-03-19', 'Cartão de Crédito', 28),
(442, '2016-07-21', 'Boleto Bancário', 28),
(443, '2023-07-19', 'Carteira digital', 28),
(444, '2024-01-13', 'Carteira digital', 28),
(445, '2018-07-12', 'Carteira digital', 28),
(446, '2014-03-09', 'Cartão de Crédito', 28),
(447, '2016-08-29', 'Cartão de Crédito', 28),
(448, '2023-04-28', 'Carteira digital', 28),
(449, '2019-05-04', 'Cartão de Crédito', 28),
(450, '2023-08-16', 'Boleto Bancário', 28),
(451, '2017-09-13', 'Carteira digital', 28),
(452, '2020-05-09', 'Carteira digital', 28),
(453, '2017-08-22', 'Boleto Bancário', 28),
(454, '2024-04-26', 'Carteira digital', 28),
(455, '2025-03-05', 'Boleto Bancário', 28),
(456, '2019-05-14', 'Cartão de Crédito', 28),
(457, '2017-10-20', 'Carteira digital', 28),
(458, '2024-05-25', 'Cartão de Crédito', 28),
(459, '2022-07-16', 'Carteira digital', 28),
(460, '2021-12-14', 'Cartão de Crédito', 28),
(461, '2019-02-21', 'Boleto Bancário', 28),
(462, '2014-07-06', 'Carteira digital', 29),
(463, '2015-06-02', 'Boleto Bancário', 29),
(464, '2017-11-13', 'Cartão de Crédito', 29),
(465, '2024-08-01', 'Boleto Bancário', 29),
(466, '2023-08-17', 'Carteira digital', 29),
(467, '2023-02-04', 'Cartão de Crédito', 29),
(468, '2020-07-22', 'Carteira digital', 29),
(469, '2014-08-17', 'Boleto Bancário', 29),
(470, '2017-09-06', 'Cartão de Crédito', 29),
(471, '2019-02-27', 'Boleto Bancário', 29),
(472, '2014-05-27', 'Cartão de Crédito', 29),
(473, '2022-09-24', 'Cartão de Crédito', 29),
(474, '2019-02-02', 'Carteira digital', 29),
(475, '2020-01-13', 'Carteira digital', 29),
(476, '2016-01-18', 'Cartão de Crédito', 29),
(477, '2025-03-05', 'Carteira digital', 29),
(478, '2019-02-06', 'Boleto Bancário', 29),
(479, '2017-09-19', 'Cartão de Crédito', 29),
(480, '2017-07-22', 'Boleto Bancário', 29),
(481, '2014-08-23', 'Boleto Bancário', 29),
(482, '2021-07-11', 'Carteira digital', 29),
(483, '2020-09-23', 'Carteira digital', 29),
(484, '2017-05-18', 'Carteira digital', 29),
(485, '2015-07-17', 'Boleto Bancário', 29),
(486, '2019-06-07', 'Boleto Bancário', 29),
(487, '2016-10-06', 'Carteira digital', 29),
(488, '2014-01-12', 'Cartão de Crédito', 29),
(489, '2017-11-13', 'Boleto Bancário', 29),
(490, '2014-11-06', 'Carteira digital', 29),
(491, '2014-01-24', 'Cartão de Crédito', 29),
(492, '2019-04-20', 'Cartão de Crédito', 29),
(493, '2022-10-27', 'Carteira digital', 29),
(494, '2015-10-06', 'Carteira digital', 29),
(495, '2023-01-03', 'Carteira digital', 30),
(496, '2019-03-21', 'Cartão de Crédito', 30),
(497, '2016-01-13', 'Boleto Bancário', 30),
(498, '2022-07-30', 'Boleto Bancário', 30),
(499, '2020-08-04', 'Carteira digital', 30),
(500, '2024-01-17', 'Carteira digital', 30),
(501, '2018-08-03', 'Cartão de Crédito', 30),
(502, '2014-08-07', 'Cartão de Crédito', 30),
(503, '2021-11-20', 'Boleto Bancário', 30),
(504, '2014-07-08', 'Cartão de Crédito', 30),
(505, '2019-02-09', 'Cartão de Crédito', 30),
(506, '2018-04-10', 'Cartão de Crédito', 30),
(507, '2016-10-06', 'Boleto Bancário', 30),
(508, '2014-09-21', 'Carteira digital', 30),
(509, '2017-04-14', 'Boleto Bancário', 30),
(510, '2014-10-11', 'Boleto Bancário', 30),
(511, '2019-08-06', 'Boleto Bancário', 30),
(512, '2017-06-26', 'Cartão de Crédito', 30),
(513, '2021-06-02', 'Carteira digital', 30),
(514, '2016-03-04', 'Cartão de Crédito', 30),
(515, '2017-05-09', 'Boleto Bancário', 30),
(516, '2016-04-25', 'Boleto Bancário', 30),
(517, '2025-07-17', 'Cartão de Crédito', 30),
(518, '2024-10-18', 'Cartão de Crédito', 30),
(519, '2019-04-22', 'Carteira digital', 30),
(520, '2016-07-19', 'Cartão de Crédito', 30),
(521, '2022-11-25', 'Carteira digital', 30),
(522, '2024-08-06', 'Cartão de Crédito', 30),
(523, '2014-06-13', 'Boleto Bancário', 30),
(524, '2023-01-22', 'Carteira digital', 30),
(525, '2022-12-08', 'Boleto Bancário', 31),
(526, '2024-02-19', 'Boleto Bancário', 31),
(527, '2022-03-11', 'Cartão de Crédito', 31),
(528, '2016-09-17', 'Boleto Bancário', 31),
(529, '2025-01-29', 'Boleto Bancário', 31),
(530, '2022-10-18', 'Carteira digital', 31),
(531, '2018-09-05', 'Carteira digital', 31),
(532, '2024-10-09', 'Cartão de Crédito', 32),
(533, '2022-07-26', 'Carteira digital', 32),
(534, '2022-08-28', 'Cartão de Crédito', 32),
(535, '2019-05-30', 'Carteira digital', 32),
(536, '2014-04-10', 'Carteira digital', 32),
(537, '2015-10-18', 'Boleto Bancário', 32),
(538, '2014-12-24', 'Cartão de Crédito', 32),
(539, '2016-01-07', 'Carteira digital', 32),
(540, '2023-02-28', 'Cartão de Crédito', 32),
(541, '2023-04-07', 'Carteira digital', 32),
(542, '2016-12-27', 'Boleto Bancário', 32),
(543, '2022-08-03', 'Cartão de Crédito', 32),
(544, '2024-03-29', 'Carteira digital', 32),
(545, '2017-07-18', 'Boleto Bancário', 32),
(546, '2020-12-25', 'Cartão de Crédito', 32);

--
-- Índices para tabelas despejadas
--

--
-- Índices de tabela `autor`
--
ALTER TABLE `autor`
  ADD PRIMARY KEY (`id_autor`);

--
-- Índices de tabela `cliente`
--
ALTER TABLE `cliente`
  ADD PRIMARY KEY (`id_cliente`);

--
-- Índices de tabela `cliente_fisico`
--
ALTER TABLE `cliente_fisico`
  ADD PRIMARY KEY (`id_cliente`),
  ADD UNIQUE KEY `cpf` (`cpf`);

--
-- Índices de tabela `cliente_juridico`
--
ALTER TABLE `cliente_juridico`
  ADD PRIMARY KEY (`id_cliente`),
  ADD UNIQUE KEY `cnpj` (`cnpj`);

--
-- Índices de tabela `editora`
--
ALTER TABLE `editora`
  ADD PRIMARY KEY (`id_editora`);

--
-- Índices de tabela `livro`
--
ALTER TABLE `livro`
  ADD PRIMARY KEY (`id_livro`),
  ADD KEY `fk_editora` (`id_editora`);

--
-- Índices de tabela `livro_autor`
--
ALTER TABLE `livro_autor`
  ADD PRIMARY KEY (`id_autor`,`id_livro`),
  ADD KEY `fk_livro` (`id_livro`),
  ADD KEY `fk_autor` (`id_autor`,`id_livro`);

--
-- Índices de tabela `livro_venda`
--
ALTER TABLE `livro_venda`
  ADD PRIMARY KEY (`id_livro`,`id_venda`),
  ADD KEY `fk_venda_livro` (`id_venda`);

--
-- Índices de tabela `venda`
--
ALTER TABLE `venda`
  ADD PRIMARY KEY (`id_venda`),
  ADD KEY `fk_venda_cliente` (`id_cliente`);

--
-- Restrições para tabelas despejadas
--

--
-- Restrições para tabelas `cliente_fisico`
--
ALTER TABLE `cliente_fisico`
  ADD CONSTRAINT `fk_cliente_fisico` FOREIGN KEY (`id_cliente`) REFERENCES `cliente` (`id_cliente`) ON DELETE CASCADE ON UPDATE CASCADE;

--
-- Restrições para tabelas `cliente_juridico`
--
ALTER TABLE `cliente_juridico`
  ADD CONSTRAINT `fk_cliente_juridico` FOREIGN KEY (`id_cliente`) REFERENCES `cliente` (`id_cliente`) ON DELETE CASCADE ON UPDATE CASCADE;

--
-- Restrições para tabelas `livro`
--
ALTER TABLE `livro`
  ADD CONSTRAINT `fk_editora` FOREIGN KEY (`id_editora`) REFERENCES `editora` (`id_editora`) ON UPDATE CASCADE;

--
-- Restrições para tabelas `livro_autor`
--
ALTER TABLE `livro_autor`
  ADD CONSTRAINT `fk_autor` FOREIGN KEY (`id_autor`) REFERENCES `autor` (`id_autor`) ON DELETE CASCADE ON UPDATE CASCADE,
  ADD CONSTRAINT `fk_livro` FOREIGN KEY (`id_livro`) REFERENCES `livro` (`id_livro`) ON DELETE CASCADE ON UPDATE CASCADE;

--
-- Restrições para tabelas `livro_venda`
--
ALTER TABLE `livro_venda`
  ADD CONSTRAINT `fk_livro_venda` FOREIGN KEY (`id_livro`) REFERENCES `livro` (`id_livro`) ON UPDATE CASCADE,
  ADD CONSTRAINT `fk_venda_livro` FOREIGN KEY (`id_venda`) REFERENCES `venda` (`id_venda`) ON DELETE CASCADE ON UPDATE CASCADE;

--
-- Restrições para tabelas `venda`
--
ALTER TABLE `venda`
  ADD CONSTRAINT `fk_venda_cliente` FOREIGN KEY (`id_cliente`) REFERENCES `cliente` (`id_cliente`) ON UPDATE CASCADE;
COMMIT;

/*!40101 SET CHARACTER_SET_CLIENT=@OLD_CHARACTER_SET_CLIENT */;
/*!40101 SET CHARACTER_SET_RESULTS=@OLD_CHARACTER_SET_RESULTS */;
/*!40101 SET COLLATION_CONNECTION=@OLD_COLLATION_CONNECTION */;
